,SUT,Defined Schemas,Distinct Used Schemas,Properties,Used Properties,Distinct Used Properties,Properties Per Schema
0,taxamo_1,97,80,559,469,189,5.762886597938144
1,azure_healthcareapis-healthcare-apis_2018-08-20-preview,21,20,49,42,36,2.3333333333333335
2,apisetu_sainikwelfarepud_3_0_0,2,0,17,4,4,8.5
3,amadeus_amadeus-branded-fares-upsell_1_0_1,44,3,90,12,10,2.0454545454545454
4,azure_apimanagement-apimapisByTags_2018-06-01-preview,0,0,0,0,0,0.0
5,sportsdata_mlb-v3-stats_1_0,17,9,753,522,263,44.294117647058826
6,sportsdata_nba-v3-scores_1_0,15,2,387,57,57,25.8
7,ticketmaster_publish_v2,64,43,255,210,126,3.984375
8,api_sell-analytics_1_2_0,22,22,68,68,54,3.090909090909091
9,azure_automation-variable_2015-10-31,7,7,27,27,10,3.857142857142857
10,phila_pollingplaces_1_0,1,1,10,10,10,10.0
11,azure_datacatalog_2016-03-30,8,7,23,17,16,2.875
12,walmart_price_1_0_0,10,0,72,26,16,7.2
13,apisetu_hpsssb_3_0_0,2,0,17,4,4,8.5
14,azure_network-bastionHost_2019-04-01,5,5,15,15,12,3.0
15,azure_azsadmin-farms_2015-12-01-preview,6,6,54,54,49,9.0
16,interzoid_getweatherzip_1_0_0,0,0,0,0,0,0.0
17,azure_machinelearningservices-modelManagement_2019-08-01,54,29,205,147,93,3.7962962962962963
18,azure_sql-advisors_2015-05-01-preview,9,9,52,52,48,5.777777777777778
19,onsched_consumer_v1,70,65,763,753,312,10.9
20,azure_mariadb-QueryPerformanceInsights_2018-06-01,13,13,41,41,25,3.1538461538461537
21,azure_security-discoveredSecuritySolutions_2015-06-01-preview,3,3,10,10,8,3.3333333333333335
22,azure_resourcegraph_2018-09-01-preview,23,19,55,47,34,2.391304347826087
23,apisetu_dittripura_3_0_0,2,0,85,72,4,42.5
24,gamesparks_game-details_v2,35,29,117,104,84,3.342857142857143
25,evemarketer_1_0_1,6,2,36,9,6,6.0
26,azure_azsadmin-Backup_2016-05-01,5,3,15,8,8,3.0
27,interzoid_getglobalnumberinfo_1_0_0,0,0,0,0,0,0.0
28,miataru_1_0_0,12,12,25,25,19,2.0833333333333335
29,rapidapi_spellcheckpro_1_0_0,0,0,0,0,0,0.0
30,callcontrol_2015-11-01,5,5,44,44,39,8.8
31,apisetu_kotakgeneralinsurance_3_0_0,2,0,37,24,4,18.5
32,gisgraphy_4_0_0,9,9,195,195,148,21.666666666666668
33,adyen_AccountService_3,74,74,285,285,155,3.8513513513513513
34,apisetu_ucobank_3_0_0,2,0,17,4,4,8.5
35,rapidapi_dynamicdocs_1_0,0,0,0,0,0,0.0
36,shotstack_v1,29,21,118,81,60,4.068965517241379
37,apisetu_hsbte_3_0_0,2,0,17,4,4,8.5
38,apisetu_transporthp_3_0_0,4,2,46,33,17,11.5
39,googleapis_verifiedaccess_v2,4,4,10,10,10,2.5
40,azure_containerservices-managedClusters_2017-08-31,25,7,60,12,11,2.4
41,azure_monitor-operations_API_2015-04-01,2,2,4,4,4,2.0
42,azure_applicationinsights-webTestLocations_API_2015-05-01,2,2,3,3,3,1.5
43,redhat_catalog_inventory_1_0_0,41,29,233,197,78,5.682926829268292
44,bikewise_v2,0,0,0,0,0,0.0
45,azure_mixedreality_2019-02-28-preview,13,13,25,25,21,1.9230769230769231
46,hubapi_analytics_v3,3,1,18,6,6,6.0
47,hillbillysoftware_shinobi_v1,34,12,199,61,42,5.852941176470588
48,googleapis_libraryagent_v1,4,4,10,10,8,2.5
49,o2_mobility_1_2_0,3,3,9,9,9,3.0
50,apisetu_transportnl_3_0_0,4,2,46,33,17,11.5
51,trashnothing_1_3,15,9,292,270,123,19.466666666666665
52,telematicssdk_1_0_0,0,0,0,0,0,0.0
53,googleapis_fcmdata_v1beta1,7,7,24,24,24,3.4285714285714284
54,azure_hdinsight-configurations_2015-03-01-preview,2,2,7,7,3,3.5
55,azure_automation-jobSchedule_2015-10-31,7,7,26,26,13,3.7142857142857144
56,apisetu_transportga_3_0_0,4,2,46,33,17,11.5
57,azure_automation-account_2015-10-31,17,17,65,65,32,3.823529411764706
58,azure_sql-dataWarehouseUserActivities_2017-03-01-preview,2,2,2,2,2,1.0
59,apisetu_revenueodisha_3_0_0,2,0,21,8,4,10.5
60,meraki_0_0_0-streaming,0,0,0,0,0,0.0
61,azure_azsadmin-CommerceAdmin_2015-06-01-preview,4,3,14,9,9,3.5
62,apisetu_edistrictandaman_3_0_0,2,0,61,48,4,30.5
63,azure_sql-backupLongTermRetentionPolicies_2014-04-01,3,3,5,5,5,1.6666666666666667
64,peoplefinderspro_1_0_0,5,0,3,3,3,0.6
65,azure_resourcehealth_2015-01-01,7,5,21,13,11,3.0
66,hubapi_crm_v3,20,16,76,55,34,3.8
67,firmalyzer_iotvas_1_0,15,7,71,30,30,4.733333333333333
68,apisetu_dhsekerala_3_0_0,2,0,17,4,4,8.5
69,azure_automation-dscNode_2018-01-15,15,15,107,107,62,7.133333333333334
70,ebay_sell-marketing_v1_14_0,127,127,487,487,192,3.8346456692913384
71,azure_azsadmin-ProductPackage_2019-01-01,7,4,11,8,8,1.5714285714285714
72,nytimes_article_search_1_0_0,1,0,21,1,1,21.0
73,azure_network-virtualRouter_2019-07-01,6,6,75,75,20,12.5
74,azure_applicationinsights-webTests_API_2015-05-01,6,5,22,17,17,3.6666666666666665
75,azure_sql-syncMembers_2015-05-01-preview,7,7,28,28,22,4.0
76,wikipathways_1_0,0,0,0,0,0,0.0
77,amadeus_amadeus-location-score_1_0_2,5,2,11,5,4,2.2
78,azure_network-natGateway_2019-02-01,4,4,13,13,13,3.25
79,interzoid_getemailinfo_1_0_0,0,0,0,0,0,0.0
80,twilio_twilio_autopilot_v1_1_42_0,16,16,209,209,74,13.0625
81,azure_web-logicAppsManagementClient_2016-06-01,40,29,107,72,47,2.675
82,twilio_twilio_conversations_v1_1_42_0,61,40,563,531,146,9.229508196721312
83,azure_monitor-activityLogAlerts_API_2017-03-01-preview,11,10,22,17,15,2.0
84,blazemeter_4,12,6,14,0,0,1.1666666666666667
85,openindex_1_0_0,10,10,40,40,29,4.0
86,hydramovies_1_1,0,0,0,0,0,0.0
87,openaq_2_0_0,26,13,83,77,49,3.1923076923076925
88,sportsdata_nba-v3-rotoballer-premium-news_1_0,1,0,18,0,0,18.0
89,apisetu_mizoramlesde_3_0_0,2,0,17,4,4,8.5
90,azure_web-AppServiceCertificateOrders_2015-08-01,14,11,28,17,10,2.0
91,mailboxvalidator_disposable_1_0_0,0,0,0,0,0,0.0
92,apisetu_neilit_3_0_0,2,0,17,4,4,8.5
93,va_confirmation_0_0_1,4,4,9,9,9,2.25
94,sportsdata_nhl-v3-play-by-play_1_0,7,7,103,103,87,14.714285714285714
95,shipstation_1_0_0,1,0,2,2,2,2.0
96,azure_apimanagement-apimapis_2018-06-01-preview,0,0,0,0,0,0.0
97,apisetu_icicilombard_3_0_0,2,0,41,28,4,20.5
98,sportsdata_csgo-v3-scores_1_0,13,6,170,94,75,13.076923076923077
99,apisetu_pareekshabhavanker_3_0_0,2,0,17,4,4,8.5
100,faceidentity-beta_1_0,6,5,28,25,21,4.666666666666667
101,apideck_crm_9_3_0,84,21,636,302,156,7.571428571428571
102,ebay_sell-fulfillment_v1_19_19,72,72,317,317,215,4.402777777777778
103,globalwinescore_8234aab51481d37a30757d925b7f4221a659427e,0,0,0,0,0,0.0
104,azure_apimanagement-apimnamedvalues_2019-12-01-preview,0,0,0,0,0,0.0
105,azure_adhybridhealthservice-ADHybridHealthService_2014-01-01,90,60,538,370,211,5.977777777777778
106,nowpayments_1_0_0,0,0,0,0,0,0.0
107,apisetu_transportap_3_0_0,4,2,46,33,17,11.5
108,tokenjay_1_0_0,16,15,73,65,58,4.5625
109,apisetu_transportjh_3_0_0,4,2,46,33,17,11.5
110,apideck_lead_9_3_0,32,10,169,68,52,5.28125
111,faretrotter_2_0,3,2,18,15,15,6.0
112,azure_cognitiveservices-LUIS-Programmatic_v2_0,106,102,208,192,93,1.9622641509433962
113,nexmo_external-accounts_0_1_5,7,6,65,65,16,9.285714285714286
114,pandascore_2_23_1,393,0,925,0,0,2.3536895674300253
115,azure_blueprint-assignmentOperation_2018-11-01-preview,8,7,24,21,20,3.0
116,azure_apimanagement-apimloggers_2018-06-01-preview,0,0,0,0,0,0.0
117,azure_containerregistry-containerregistry_build_2018-02-01-preview,35,26,126,78,49,3.6
118,ebay_sell-negotiation_v1_1_0,11,9,45,34,28,4.090909090909091
119,azure_sql-WorkloadClassifiers_2019-06-01-preview,5,3,12,9,9,2.4
120,googleapis_mybusinessaccountmanagement_v1,14,13,42,41,36,3.0
121,lufthansa_public_1_0,6,2,17,3,3,2.8333333333333335
122,apisetu_hindustanpetroleum_3_0_0,2,0,17,4,4,8.5
123,kumpeapps_5_0_0,21,19,140,135,113,6.666666666666667
124,azure_security-pricings_2017-08-01-preview,3,3,10,10,5,3.3333333333333335
125,appwrite_server_0_9_3,38,37,247,244,108,6.5
126,azure_apimanagement-apimnotifications_2018-06-01-preview,0,0,0,0,0,0.0
127,azure_azsadmin-Commerce_2015-06-01-preview,7,6,22,17,15,3.142857142857143
128,hubapi_communication-preferences_v3,7,5,38,26,21,5.428571428571429
129,apisetu_transportan_3_0_0,4,2,46,33,17,11.5
130,azure_apimanagement-apimcaches_2018-06-01-preview,0,0,0,0,0,0.0
131,mercedes-benz_image_1_0,16,14,24,21,13,1.5
132,sonar_1_0,0,0,0,0,0,0.0
133,vtex_MasterData-API-_1_0,21,12,111,44,39,5.285714285714286
134,twilio_twilio_microvisor_v1_1_42_0,7,7,64,64,26,9.142857142857142
135,azure_hdinsight-scriptActions_2018-06-01-preview,5,2,28,18,6,5.6
136,mozilla_kinto_1_22,0,0,0,0,0,0.0
137,izettle_products_1_0_0,42,39,167,163,78,3.9761904761904763
138,azure_security-assessments_2019-01-01-preview,5,5,16,16,13,3.2
139,lufthansa_partner_1_0,0,0,0,0,0,0.0
140,sportsdata_nba-v3-rotoballer-articles_1_0,2,0,14,0,0,7.0
141,mastercard_Repower_V2,18,18,66,66,46,3.6666666666666665
142,azure_databox_2018-01-01,59,38,180,121,99,3.0508474576271185
143,azure_apimanagement-apimdiagnostics_2019-01-01,0,0,0,0,0,0.0
144,azure_azsadmin-RegionHealth_2016-05-01,3,3,5,5,5,1.6666666666666667
145,rapidapi_football-prediction_2,0,0,0,0,0,0.0
146,ebay_sell-logistics_v1_beta_0_0,19,19,104,104,72,5.473684210526316
147,apisetu_tataaig_3_0_0,2,0,17,4,4,8.5
148,highwaysengland_v1,12,12,37,37,24,3.0833333333333335
149,azure_network-endpointService_2017-06-01,2,2,4,4,4,2.0
150,azure_sql-capabilities_2018-06-01-preview,24,24,122,122,44,5.083333333333333
151,clubhouseapi_1,0,0,0,0,0,0.0
152,amentum_atmosphere_1_1_1,0,0,0,0,0,0.0
153,refugerestrooms_0_0_1,0,0,0,0,0,0.0
154,azure_security-serverVulnerabilityAssessments_2019-01-01-preview,3,3,7,7,4,2.3333333333333335
155,azure_azsadmin-Product_2016-01-01,3,3,10,10,8,3.3333333333333335
156,azure_botservice_2017-12-01,49,21,148,64,41,3.020408163265306
157,azure_operationalinsights-OperationalInsights_2019-08-01-preview,8,7,20,17,17,2.5
158,azure_automation-softwareUpdateConfigurationMachineRun_2017-05-15-preview,5,5,27,27,23,5.4
159,apisetu_sebaonline_3_0_0,2,0,17,4,4,8.5
160,synq_1_9_1,4,3,57,53,25,14.25
161,azure_mixedreality-proxy_2019-12-02-preview,7,7,21,21,15,3.0
162,ip2location_geolocation_1_0,0,0,0,0,0,0.0
163,api_sell-account_v1_9_0,48,48,252,252,116,5.25
164,azure_streamanalytics-subscriptions_2016-03-01,3,2,5,2,2,1.6666666666666667
165,amadeus_amadeus-flight-order-management_1_9_0,80,4,171,12,10,2.1375
166,azure_automation-webhook_2015-10-31,8,8,41,41,17,5.125
167,azure_subscription-subscriptionDefinitions_2017-11-01-preview,6,6,16,16,13,2.6666666666666665
168,mastercard_BillPay_1_0,6,6,15,15,14,2.5
169,nexmo_application_1_0_2,12,7,41,35,24,3.4166666666666665
170,azure_blueprint-blueprintDefinition_2017-11-11-preview,35,10,60,16,10,1.7142857142857142
171,azure_azuredata_2017-03-01-preview,13,10,30,25,18,2.3076923076923075
172,apisetu_nios_3_0_0,2,0,37,24,4,18.5
173,sportsdata_nhl-v3-stats_1_0,23,12,537,335,188,23.347826086956523
174,googleapis_realtimebidding_v1alpha,4,4,6,6,6,1.5
175,azure_cosmos-db-privateEndpointConnection_2019-08-01-preview,6,6,10,10,10,1.6666666666666667
176,chaingateway_1_0_0,0,0,0,0,0,0.0
177,redeal_1_0_0,1,0,38,0,0,38.0
178,apisetu_igrmaharashtra_3_0_0,2,0,17,4,4,8.5
179,salesforce_einstein_2_0_1,36,34,231,225,80,6.416666666666667
180,azure_monitor-diagnosticsSettingsCategories_API_2017-05-01-preview,5,4,8,5,5,1.6
181,amadeus_amadeus-trip-parser_3_0_1,54,4,181,12,10,3.3518518518518516
182,climatekuul_1_0,2,2,135,135,41,67.5
183,urlbox_v1,4,4,24,24,24,6.0
184,googleapis_publicca_v1alpha1,1,1,3,3,3,3.0
185,azure_compute_2015-06-15,100,96,295,285,151,2.95
186,apisetu_transportbr_3_0_0,4,2,46,33,17,11.5
187,koomalooma_1_0,4,4,24,24,21,6.0
188,azure_hdinsight-cluster_2015-03-01-preview,45,35,156,136,90,3.466666666666667
189,azure_databricks_2018-04-01,19,17,49,44,34,2.5789473684210527
190,azure_azsadmin-AzureBridge_2016-01-01,22,3,62,8,8,2.8181818181818183
191,digitallinguistics_0_3_1,0,0,0,0,0,0.0
192,gsa_0_1,0,0,0,0,0,0.0
193,apisetu_gujaratvidyapith_3_0_0,2,0,17,4,4,8.5
194,sheerseo_0_0_1,11,11,29,29,12,2.6363636363636362
195,openfintech_2017-08-24,93,93,258,258,96,2.774193548387097
196,1forge_0_0_1,0,0,0,0,0,0.0
197,d7networks_1_0_2,3,3,7,7,4,2.3333333333333335
198,azure_sql-ManagedInstanceTdeCertificates_2017-10-01-preview,2,2,3,3,3,1.5
199,azure_network-networkWatcherConnectionMonitorV1_2019-06-01,9,9,44,44,30,4.888888888888889
200,azure_applicationinsights-workbookOperations_API_2018-06-17-preview,3,3,6,6,6,2.0
201,dodo_1_5_0,21,18,241,211,81,11.476190476190476
202,meilisearch_1_0_0,0,0,0,0,0,0.0
203,azure_network-ipGroups_2019-09-01,3,3,38,38,13,12.666666666666666
204,googleapis_sts_v1beta,10,2,32,11,11,3.2
205,epa_rcra_2019_10_15,127,0,707,251,115,5.566929133858268
206,link_2018-07-05,8,8,33,33,19,4.125
207,okta_1_0_0,0,0,0,0,0,0.0
208,azure_postgresql-PrivateEndpointConnections_2018-06-01,8,7,12,12,12,1.5
209,azure_locationbasedservices_2017-01-01-preview,11,10,25,22,16,2.272727272727273
210,apisetu_edistricthp_3_0_0,2,0,141,128,4,70.5
211,apisetu_msde_3_0_0,2,0,17,4,4,8.5
212,azure_automation-python2package_2018-06-30,18,9,65,36,21,3.611111111111111
213,onsched_setup_v1,142,141,1206,1204,363,8.492957746478874
214,mtaa-api_1_0,0,0,0,0,0,0.0
215,azure_security-iotSecuritySolutions_2017-08-01-preview,8,7,27,26,18,3.375
216,polygon_1_0_0,10,1,91,35,9,9.1
217,azure_security-alerts_2015-06-01-preview,6,6,39,39,29,6.5
218,apisetu_bharatpetroleum_3_0_0,2,0,17,4,4,8.5
219,azure_azsadmin-EdgeGatewayPool_2016-05-01,3,3,10,10,10,3.3333333333333335
220,who-hosts-this_0_0_1,0,0,0,0,0,0.0
221,azure_network-firewallPolicy_2019-06-01,19,7,50,28,21,2.6315789473684212
222,interzoid_getcitystandard_1_0_0,0,0,0,0,0,0.0
223,sportsdata_nfl-v3-stats_1_0,41,22,2375,1373,752,57.926829268292686
224,mastercard_BINTableResource_1_0,2,2,5,5,5,2.5
225,zeno_0_6-99cfdac,15,11,86,78,44,5.733333333333333
226,apisetu_mbse_3_0_0,2,0,29,16,4,14.5
227,azure_guestconfiguration_2018-01-20-preview,8,7,34,33,24,4.25
228,apisetu_goawrd_3_0_0,2,0,25,12,4,12.5
229,ebay_buy-feed_v1_beta_34_0,8,8,209,209,116,26.125
230,azure_sql-managedDatabaseVulnerabilityAssessments_2017-10-01-preview,4,4,10,10,10,2.5
231,googleapis_pagespeedonline_v5,19,15,144,121,116,7.578947368421052
232,extendsclass_json-storage_0_1,4,4,8,8,5,2.0
233,twilio_twilio_notify_v1_1_42_0,7,6,134,134,91,19.142857142857142
234,apisetu_rajasthandsa_3_0_0,2,0,17,4,4,8.5
235,apisetu_insvalsura_3_0_0,2,0,21,8,4,10.5
236,azure_commerce_2015-06-01-preview,12,8,47,38,37,3.9166666666666665
237,azure_frontdoor-webapplicationfirewall_2019-03-01,21,21,56,56,42,2.6666666666666665
238,fraudlabspro_sms-verification_1_0,0,0,0,0,0,0.0
239,apisetu_transportka_3_0_0,4,2,46,33,17,11.5
240,azure_machinelearningservices-hyperdrive_2019-08-01,11,4,19,7,4,1.7272727272727273
241,gov_jobposting_1_0_0,12,10,37,32,28,3.0833333333333335
242,azure_mariadb-PrivateLinkResources_2018-06-01,5,4,6,6,6,1.2
243,azure_security-applicationWhitelistings_2015-06-01-preview,24,22,41,41,32,1.7083333333333333
244,azure_powerbiembedded_2016-01-29,17,17,45,45,26,2.6470588235294117
245,apisetu_punjabteched_3_0_0,2,0,17,4,4,8.5
246,azure_hdinsight-applications_2018-06-01-preview,5,5,33,33,24,6.6
247,azure_eventgrid-EventGrid_2017-06-15-preview,24,22,52,47,28,2.1666666666666665
248,azure_attestation_2018-09-01-preview,3,3,4,4,4,1.3333333333333333
249,handwrytten_1_0_0,16,5,203,150,72,12.6875
250,apisetu_futuregenerali_3_0_0,2,0,33,20,4,16.5
251,googleapis_chromeuxreport_v1,17,11,45,33,17,2.6470588235294117
252,azure_web-ResourceHealthMetadata_2016-03-01,2,2,9,9,4,4.5
253,asuarez_searchly_1_0,2,2,7,7,4,3.5
254,twilio_twilio_accounts_v1_1_42_0,5,4,34,34,14,6.8
255,azure_web-Domains_2015-04-01,14,10,44,20,13,3.142857142857143
256,easypdfserver_1,0,0,0,0,0,0.0
257,azure_sql-ServerVulnerabilityAssessments_2018-06-01-preview,4,4,10,10,10,2.5
258,azure_reservations-quota_2019-07-19-preview,33,24,80,65,32,2.4242424242424243
259,cenit_v1,10,10,66,66,34,6.6
260,solarvps_1_0_0,0,0,0,0,0,0.0
261,apisetu_kiadb_3_0_0,2,0,45,32,4,22.5
262,azure_monitor-metricsCreate_API_2018-09-01-preview,7,7,17,17,17,2.4285714285714284
263,sportsdata_nfl-v3-scores_1_0,18,4,1250,247,229,69.44444444444444
264,notion_1_0_0,0,0,0,0,0,0.0
265,openbanking_payment-initiation-openapi_3_1_7,63,16,123,30,6,1.9523809523809523
266,adyen_BinLookupService_40,12,12,61,61,58,5.083333333333333
267,azure_sql-PrivateLinkResources_2018-06-01-preview,5,3,8,5,5,1.6
268,azure_customerlockbox_2018-02-28-preview,10,10,33,33,28,3.3
269,tcgdex_2_0_0,8,7,51,48,32,6.375
270,azure_resourcehealth-ResourceHealth_2018-07-01,25,14,75,41,25,3.0
271,apisetu_bajajallianzlife_3_0_0,2,0,17,4,4,8.5
272,twilio_twilio_serverless_v1_1_42_0,18,18,149,149,53,8.277777777777779
273,nrel_building-case-studies_1_0,0,0,0,0,0,0.0
274,qualpay_1_7_0,30,30,299,299,92,9.966666666666667
275,azure_sql-FailoverDatabases_2018-06-01-preview,0,0,0,0,0,0.0
276,sportsdata_nba-v3-play-by-play_1_0,5,5,92,92,84,18.4
277,azure_sql-DatabaseSchema_2018-06-01-preview,9,7,11,8,4,1.2222222222222223
278,interzoid_getglobaltime_1_0_0,0,0,0,0,0,0.0
279,azure_netapp_2017-08-15,31,30,120,113,49,3.870967741935484
280,apisetu_transportmp_3_0_0,4,2,46,33,17,11.5
281,apisetu_sbigeneral_3_0_0,2,0,33,20,4,16.5
282,azure_apimanagement-apimusers_2018-06-01-preview,0,0,0,0,0,0.0
283,googleapis_doubleclickbidmanager_v1_1,21,21,72,72,56,3.4285714285714284
284,vonage_user_1_11_8,17,16,44,43,32,2.588235294117647
285,peoplegeneratorapi_v0,3,3,33,33,33,11.0
286,apisetu_acko_3_0_0,2,0,25,12,4,12.5
287,rapidapi_ecowetter_1_0_0,0,0,0,0,0,0.0
288,slideroom_v2,2,2,7,7,7,3.5
289,azure_keyvault-providers_2016-10-01,5,5,11,11,10,2.2
290,vtex_Search-API_1_0,25,0,125,7,7,5.0
291,azure_sql-jobs_2017-03-01-preview,27,27,80,80,50,2.962962962962963
292,azure_azsadmin-UpdateLocations_2016-05-01,4,4,7,7,7,1.75
293,googleapis_customsearch_v1,3,3,29,29,23,9.666666666666666
294,azure_mediaservices-StreamingPoliciesAndStreamingLocators_2018-03-30-preview,27,26,83,83,44,3.074074074074074
295,npr_listening_2,35,7,111,0,0,3.1714285714285713
296,ritc_1_0_0,44,37,191,156,40,4.340909090909091
297,interzoid_globalpageload_1_0_0,0,0,0,0,0,0.0
298,peel-ci_1_0_0,0,0,0,0,0,0.0
299,apisetu_pgimer_3_0_0,2,0,17,4,4,8.5
300,deutschebahn_betriebsstellen_v1,3,3,15,15,15,5.0
301,azure_security-externalSecuritySolutions_2015-06-01-preview,12,2,18,5,3,1.5
302,vonage_account_1_11_8,16,16,51,51,24,3.1875
303,azure_sql-databaseAutomaticTuning_2015-05-01-preview,3,2,8,4,4,2.6666666666666665
304,apisetu_meark_3_0_0,2,1,17,15,15,8.5
305,landregistry_deed_1_0_0,10,5,25,15,15,2.5
306,azure_apimanagement-apimauthorizationservers_2019-01-01,0,0,0,0,0,0.0
307,azure_monitor-actionGroups_API_2017-04-01,15,14,44,39,29,2.933333333333333
308,sportsdata_nfl-v3-rotoballer-articles_1_0,2,0,14,0,0,7.0
309,azure_applicationinsights-componentWorkItemConfigs_API_2015-05-01,5,5,15,15,14,3.0
310,azure_azsadmin-ProductSecret_2019-01-01,15,15,26,26,25,1.7333333333333334
311,amadeus_amadeus-on-demand-flight-status_2_0_2,18,4,47,11,9,2.611111111111111
312,adyen_RecurringService_25,18,18,90,90,70,5.0
313,statsocial_1_0_0,34,34,110,110,36,3.235294117647059
314,hubapi_automation_v4,23,18,90,65,40,3.9130434782608696
315,azure_streamanalytics-functions_2016-03-01,22,4,40,8,8,1.8181818181818181
316,epa_echo_2019_10_15,105,0,885,209,96,8.428571428571429
317,amadeus_amadeus-flight-create-orders_1_9_0,79,3,168,12,10,2.1265822784810124
318,inboxroute_0_9,11,10,47,41,21,4.2727272727272725
319,amentum_aviation_radiation_1_5_0,0,0,0,0,0,0.0
320,azure_apimanagement-apimnetworkstatus_2016-10-10,2,2,10,10,10,5.0
321,googleapis_compute_alpha,800,728,4053,3905,1424,5.06625
322,apisetu_aktu_3_0_0,2,0,21,8,4,10.5
323,shorten_1_0_0,12,11,55,51,28,4.583333333333333
324,azure_azsadmin-InfraRoleInstance_2016-05-01,4,4,9,9,9,2.25
325,azure_monitor-alertRulesIncidents_API_2016-03-01,3,3,8,8,8,2.6666666666666665
326,azure_sql-instanceFailoverGroups_2017-10-01-preview,7,7,16,16,14,2.2857142857142856
327,openalpr_3_0_1,7,0,84,51,16,12.0
328,ebay_buy-deal_v1_3_0,14,12,100,89,56,7.142857142857143
329,mashape_geodb_1_0_0,34,17,65,0,0,1.911764705882353
330,apisetu_transporttr_3_0_0,4,2,46,33,17,11.5
331,citycontext_1_0_0,4,3,13,13,13,3.25
332,apisetu_transportmn_3_0_0,4,2,46,33,17,11.5
333,mon-voyage-pas-cher_0_0_1,16,16,102,102,56,6.375
334,azure_sql-serverCommunicationLinks_2014-04-01,3,3,6,6,6,2.0
335,xero_xero_bankfeeds_2_9_4,13,13,44,44,35,3.3846153846153846
336,apisetu_transport_3_0_0,4,3,58,56,17,14.5
337,vtex_Session-Manager-API_1_0,8,7,9,8,5,1.125
338,twilio_twilio_flex_v2_1_42_0,1,1,6,6,6,6.0
339,redhat_patchman-engine_v1_15_3,36,31,168,124,65,4.666666666666667
340,azure_azsadmin-DownloadedProduct_2016-01-01,1,1,8,8,3,8.0
341,aviationdata_v1,14,14,78,78,47,5.571428571428571
342,adyen_PayoutService_30,29,21,234,138,74,8.068965517241379
343,azure_domainservices_2017-01-01,12,11,56,50,45,4.666666666666667
344,apisetu_transportkl_3_0_0,4,2,46,33,17,11.5
345,hetzner_1_0_0,0,0,0,0,0,0.0
346,azure_sql-managedInstanceOperations_2018-06-01-preview,5,3,19,16,16,3.8
347,azure_servicebus_2014-09-01,36,34,136,130,60,3.7777777777777777
348,ebay_sell-feed_v1_3_1,28,26,157,146,52,5.607142857142857
349,spoonacular_1_1,0,0,0,0,0,0.0
350,azure_azsadmin-AcquiredPlan_2015-11-01,3,3,8,8,8,2.6666666666666665
351,skynewz-api-fortnite_3_1_5,0,0,0,0,0,0.0
352,nasa_asteroids neows_3_4_0,13,13,54,54,43,4.153846153846154
353,walmart_item_3_0_1,0,0,0,0,0,0.0
354,schooldigger_v2_0,24,24,248,248,158,10.333333333333334
355,azure_servicefabric_1_0_0,128,82,523,347,169,4.0859375
356,hubapi_auth_v1,5,3,43,31,20,8.6
357,hubapi_cms_v3,6,4,38,26,26,6.333333333333333
358,klarna_payments_1_0_0,22,22,189,189,97,8.590909090909092
359,paccurate_0_1_1,12,6,75,52,52,6.25
360,azure_sql-connectionPolicies_2014-04-01,2,2,4,4,4,2.0
361,azure_automation-sourceControlSyncJobStreams_2017-05-15-preview,5,5,20,20,11,4.0
362,azure_sql-queries_2014-04-01,8,8,23,23,19,2.875
363,azure_apimanagement-apimpolicysnippets_2018-06-01-preview,0,0,0,0,0,0.0
364,amentum_global-magnet_1_3_0,0,0,0,0,0,0.0
365,ebay_sell-metadata_v1_6_0,24,24,74,74,56,3.0833333333333335
366,azure_recoveryservices-registeredidentities_2016-06-01,6,4,24,16,13,4.0
367,gov_bcdc_3_0_1,0,0,0,0,0,0.0
368,googleapis_oauth2_v1,2,2,22,22,20,11.0
369,azure_network-vmssNetworkInterface_2015-06-15,1,0,6,6,4,6.0
370,apisetu_transportpb_3_0_0,4,2,46,33,17,11.5
371,chompthis_1_0_0-oas3,2,0,2,0,0,1.0
372,vtex_Promotions-_1_0,9,5,430,422,140,47.77777777777778
373,azure_network-serviceEndpointPolicy_2018-07-01,6,6,17,17,12,2.8333333333333335
374,pandorabots_1_0_0,0,0,0,0,0,0.0
375,patrowl_1_0_0,3,3,5,5,5,1.6666666666666667
376,personio_authentication_1_0,2,1,2,0,0,1.0
377,googleapis_language_v1beta1,19,18,64,61,41,3.3684210526315788
378,apisetu_revenueassam_3_0_0,2,0,17,4,4,8.5
379,azure_sql-metrics_2014-04-01,7,7,23,23,18,3.2857142857142856
380,apisetu_cgbse_3_0_0,2,0,21,8,4,10.5
381,hubapi_conversations_v3,4,2,16,4,4,4.0
382,apisetu_saralharyana_3_0_0,2,0,17,4,4,8.5
383,azure_maintenance-Maintenance_2018-06-01-preview,17,16,39,36,24,2.2941176470588234
384,twilio_twilio_flex_v1_1_42_0,30,24,313,309,185,10.433333333333334
385,amadeus_amadeus-flight-cheapest-date-search_1_0_6,14,13,33,31,27,2.357142857142857
386,azure_containerregistry-containerregistry_scopemap_2019-05-01-preview,16,15,42,39,21,2.625
387,apache_qakka_v1,3,3,14,14,14,4.666666666666667
388,truanon_1_0_0,0,0,0,0,0,0.0
389,wolframalpha_v0_1,0,0,0,0,0,0.0
390,adyen_TransferService_1,19,19,84,84,63,4.421052631578948
391,apisetu_transportdd_3_0_0,4,2,46,33,17,11.5
392,azure_azsadmin-EdgeGateway_2016-05-01,3,3,7,7,7,2.3333333333333335
393,adyen_BalanceControlService_1,3,3,17,17,11,5.666666666666667
394,azure_network-virtualWan_2018-04-01,28,23,226,225,46,8.071428571428571
395,azure_authorization-authorization-ElevateAccessCalls_2015-07-01,0,0,0,0,0,0.0
396,googleapis_admin_datatransfer_v1,6,6,26,26,18,4.333333333333333
397,wowza_1,107,68,533,385,185,4.981308411214953
398,c19qrserver_1_1,8,6,22,20,11,2.75
399,apisetu_vhseker_3_0_0,2,0,17,4,4,8.5
400,azure_automation-linkedWorkspace_2015-10-31,1,1,3,3,3,3.0
401,azure_subscription-subscriptions_2019-03-01-preview,7,5,10,6,4,1.4285714285714286
402,mastercard_MAWS_1_1_0,4,4,27,27,19,6.75
403,sportsdata_nba-v3-stats_1_0,19,9,554,321,176,29.157894736842106
404,azure_sql-syncAgents_2015-05-01-preview,7,7,20,20,17,2.857142857142857
405,surrey_trafficloops_0_1,0,0,0,0,0,0.0
406,apisetu_edistrictkerala_3_0_0,3,0,121,96,4,40.333333333333336
407,azure_web-Diagnostics_2016-03-01,23,10,68,14,3,2.9565217391304346
408,azure_notificationhubs_2014-09-01,29,27,104,98,54,3.586206896551724
409,twilio_twilio_content_v1_1_42_0,4,2,40,20,13,10.0
410,sportsdata_nascar-v2_1_0,6,4,101,70,57,16.833333333333332
411,fraudlabspro_fraud-detection_1_1,0,0,0,0,0,0.0
412,mastercard_open-banking-connect-pis_1_16_0,92,92,266,266,80,2.891304347826087
413,wmata_incidents_1_0,0,0,0,0,0,0.0
414,npr_station-finder_3,24,3,64,0,0,2.6666666666666665
415,azure_apimanagement-apimopenidconnectproviders_2018-06-01-preview,0,0,0,0,0,0.0
416,hubapi_business units_v3,5,3,19,7,7,3.8
417,azure_compute-swagger_2015-11-01,11,11,40,40,28,3.6363636363636362
418,vtex_VTEX_TEMPLATE_1_0_0,3,3,5,5,5,1.6666666666666667
419,azure_cognitiveservices_2017-04-18,32,32,89,89,59,2.78125
420,googleapis_adsensehost_v4_1,14,14,65,65,31,4.642857142857143
421,biztoc_v1,0,0,0,0,0,0.0
422,image-charts_6_1_19,0,0,0,0,0,0.0
423,ticketmaster_commerce_v2,45,45,140,140,54,3.111111111111111
424,interzoid_getfullnameparsedmatch_1_0_0,0,0,0,0,0,0.0
425,interzoid_getareacodefromnumber_1_0_0,0,0,0,0,0,0.0
426,interzoid_getcountrystandard_1_0_0,0,0,0,0,0,0.0
427,googleapis_accesscontextmanager_v1beta,17,16,56,56,45,3.2941176470588234
428,apisetu_aiimspatna_3_0_0,2,0,17,4,4,8.5
429,instagram_1_0_0,36,36,108,108,55,3.0
430,amentum_space_radiation_1_1_2,2,2,3,3,2,1.5
431,googleapis_games_v1,63,63,286,286,157,4.5396825396825395
432,googleapis_webfonts_v1,3,3,15,15,14,5.0
433,azure_analysisservices_2017-08-01,23,22,55,49,36,2.391304347826087
434,azure_recoveryservices-vaults_2016-06-01,20,17,52,44,33,2.6
435,mastercard_PersonalizedLoyaltyOffers_1_3,38,38,151,151,84,3.973684210526316
436,azure_network-expressRouteGateway_2018-08-01,9,8,17,16,12,1.8888888888888888
437,sportsdata_nhl-v3-scores_1_0,14,2,344,51,51,24.571428571428573
438,wordnik_4_0,37,10,181,60,47,4.891891891891892
439,adyen_DataProtectionService_1,3,3,9,9,8,3.0
440,nrel_transportation-incentives-laws_0_1_0,13,13,59,59,37,4.538461538461538
441,adyen_BalancePlatformService_1,93,66,455,352,165,4.89247311827957
442,azure_sql-backups_2014-04-01,6,6,17,17,12,2.8333333333333335
443,ip2whois_1_0,0,0,0,0,0,0.0
444,thenounproject_1_0_0,0,0,0,0,0,0.0
445,apisetu_transporthr_3_0_0,4,2,46,33,17,11.5
446,departureboard_2_0,0,0,0,0,0,0.0
447,azure_sql-serverOperations_2019-06-01-preview,5,3,19,16,16,3.8
448,apisetu_enibandhanjh_3_0_0,2,0,25,12,4,12.5
449,amentum_gravity_1_1_1,2,2,4,4,4,2.0
450,tvmaze_1_0,16,11,30,30,19,1.875
451,deutschebahn_flinkster_v1,24,15,116,93,46,4.833333333333333
452,azure_machinelearningexperimentation-machineLearningExperimentation_2017-05-01-preview,20,19,60,55,24,3.0
453,ebay_buy-browse_v1_1_0,64,64,400,400,227,6.25
454,azure_sql-operations_2014-04-01,2,2,4,4,4,2.0
455,interzoid_getaddressmatch_1_0_0,0,0,0,0,0,0.0
456,azure_azsadmin-ScaleUnit_2016-05-01,9,9,28,28,28,3.111111111111111
457,azure_azsadmin-DelegatedProviderOffer_2015-11-01,4,4,9,9,9,2.25
458,azure_cosmos-db-privateLinkResources_2019-08-01-preview,3,3,4,4,4,1.3333333333333333
459,apisetu_dbraitandaman_3_0_0,2,0,17,4,4,8.5
460,googleapis_licensing_v1,4,4,13,13,11,3.25
461,scideas_regression_1_0,6,2,25,5,5,4.166666666666667
462,azure_authorization-authorization-RoleDefinitionsCalls_2015-07-01,6,5,16,15,12,2.6666666666666665
463,nytimes_books_api_3_0_0,0,0,0,0,0,0.0
464,adobe_aem_3_7_1-pre_0,15,15,99,99,69,6.6
465,domainsdb_1_0,9,5,39,19,19,4.333333333333333
466,bigdatacloud_1_0_0,0,0,0,0,0,0.0
467,azure_sql-databaseVulnerabilityAssessments_2017-03-01-preview,4,4,10,10,10,2.5
468,azure_recoveryservicesbackup-operations_2016-08-10,6,6,15,15,14,2.5
469,sakari_1_0_1,41,31,101,80,46,2.4634146341463414
470,azure_network-serviceCommunity_2016-12-01,4,4,9,9,9,2.25
471,azure_security-advancedThreatProtectionSettings_2017-08-01-preview,2,2,4,4,3,2.0
472,epa_sdw_2019_10_15,65,0,185,81,62,2.8461538461538463
473,calorieninjas_1_0_0,0,0,0,0,0,0.0
474,azure_eventhub-EventHub-preview_2018-01-01-preview,27,19,48,31,13,1.7777777777777777
475,azure_apimanagement-apimtagresources_2019-01-01,0,0,0,0,0,0.0
476,apisetu_jeecup_3_0_0,2,0,17,4,4,8.5
477,nexmo_numbers_1_0_20,11,11,39,39,18,3.5454545454545454
478,iqualify_v1,70,31,444,190,88,6.3428571428571425
479,collegefootballdata_4_4_12,50,3,484,20,19,9.68
480,azure_sql-ManagedDatabaseSchema_2018-06-01-preview,9,7,11,8,4,1.2222222222222223
481,apisetu_cbse_3_0_0,2,1,77,75,15,38.5
482,azure_mysql-PrivateEndpointConnections_2018-06-01,8,7,12,12,12,1.5
483,azure_azsadmin-Compute_2015-12-01-preview,5,3,12,8,8,2.4
484,azure_compute-containerService_2015-11-01-preview,13,12,32,27,23,2.4615384615384617
485,hubapi_marketing_v3,26,25,141,134,55,5.423076923076923
486,airport-web_v1,1,1,4,4,4,4.0
487,api_sell-compliance_1_4_1,13,11,44,33,29,3.3846153846153846
488,nytimes_community_3_0_0,0,0,0,0,0,0.0
489,apisetu_transportcg_3_0_0,4,2,46,33,17,11.5
490,wikimedia_1_0_0,36,29,64,42,19,1.7777777777777777
491,sportsdata_cbb-v3-stats_1_0,14,11,433,362,161,30.928571428571427
492,googleapis_homegraph_v1,20,20,47,47,30,2.35
493,azure_imds_2018-10-01,14,11,53,48,45,3.7857142857142856
494,azure_mixedreality-spatial-anchors_2019-12-02-preview,2,2,40,40,10,20.0
495,azure_azsadmin-DelegatedProvider_2015-11-01,0,0,0,0,0,0.0
496,azure_support_2019-05-01-preview,27,27,97,97,60,3.5925925925925926
497,nexmo_media_1_0_2,1,1,26,26,21,26.0
498,azure_apimanagement-apimtags_2018-06-01-preview,0,0,0,0,0,0.0
499,apisetu_nationalinsurance_3_0_0,2,0,53,40,4,26.5
500,fire_1_0,0,0,0,0,0,0.0
501,edrv_v1,1,1,176,176,59,176.0
502,npr_sponsorship_2,21,13,54,35,30,2.5714285714285716
503,apisetu_jharsewa_3_0_0,3,0,53,28,4,17.666666666666668
504,azure_azsadmin-Drive_2018-10-01,3,3,16,16,16,5.333333333333333
505,apisetu_transportmz_3_0_0,4,2,46,33,17,11.5
506,azure_cdn-cdnwebapplicationfirewall_2019-06-15-preview,22,22,67,67,43,3.0454545454545454
507,apisetu_pseb_3_0_0,2,0,33,20,4,16.5
508,spectrocoin_1_0_0,2,2,25,25,20,12.5
509,azure_guestconfiguration-guestconfiguration_NotImplemented_2018-06-30-preview,0,0,0,0,0,0.0
510,googleapis_reseller_v1,10,10,56,56,43,5.6
511,apisetu_transportar_3_0_0,4,2,46,33,17,11.5
512,azure_security-securityContacts_2017-08-01-preview,3,3,12,12,8,4.0
513,twilio_twilio_routes_v2_1_42_0,3,3,30,30,12,10.0
514,azure_sql-importExport_2014-04-01,6,6,24,24,22,4.0
515,interzoid_getstateabbreviation_1_0_0,0,0,0,0,0,0.0
516,apisetu_upmsp_3_0_0,2,0,21,8,4,10.5
517,go-upc_1_0_0,2,1,6,6,5,3.0
518,apisetu_csc_3_0_0,2,0,17,4,4,8.5
519,azure_automation-credential_2015-10-31,7,7,25,25,11,3.5714285714285716
520,nytimes_geo_api_1_0_0,1,0,20,1,1,20.0
521,googleapis_firebasedatabase_v1beta,5,5,7,7,7,1.4
522,gov_router_2_0_0,0,0,0,0,0,0.0
523,azure_sql-usages_2018-06-01-preview,3,3,11,11,10,3.6666666666666665
524,languagetool_1_1_2,0,0,0,0,0,0.0
525,taggun_1_10_9,84,84,366,366,90,4.357142857142857
526,azure_sql-databaseVulnerabilityAssessmentScans_2017-10-01-preview,6,6,15,15,14,2.5
527,drchrono_v4 (Hunt Valley),59,59,935,935,388,15.847457627118644
528,azure_azsadmin-StorageSubSystem_2018-10-01,3,3,8,8,8,2.6666666666666665
529,sportsdata_mlb-v3-projections_1_0,13,0,461,0,0,35.46153846153846
530,apidapp_2019-02-14T164701Z,1,1,0,0,0,0.0
531,quicksold_location_1_0,1,1,7,7,7,7.0
532,azure_mysql-PrivateLinkResources_2018-06-01,5,4,6,6,6,1.2
533,azure_sql-DatabaseSecurityAlertPolicies_2018-06-01-preview,3,3,11,11,11,3.6666666666666665
534,azure_azurestack-Product_2017-06-01,20,13,73,58,45,3.65
535,adyen_TfmAPIService_1,14,14,68,68,45,4.857142857142857
536,azure_azsadmin-Volume_2016-05-01,3,3,7,7,7,2.3333333333333335
537,moderatecontent_1_0_0,0,0,0,0,0,0.0
538,azure_apimanagement-apimgroups_2018-06-01-preview,0,0,0,0,0,0.0
539,mercedes-benz_dealer_1_0,22,22,68,68,58,3.090909090909091
540,vtex_Checkout-API_1_0,7,5,232,227,95,33.142857142857146
541,azure_monitor-activityLogs_API_2015-04-01,6,6,37,37,36,6.166666666666667
542,azure_apimanagement-apimproducts_2018-06-01-preview,0,0,0,0,0,0.0
543,apisetu_edistrictpb_3_0_0,2,0,41,28,4,20.5
544,apisetu_duexam_3_0_0,2,0,17,4,4,8.5
545,sportsdata_nhl-v3-projections_1_0,12,1,246,72,72,20.5
546,azure_resources-managedapplications_2016-09-01-preview,22,15,68,37,30,3.090909090909091
547,apisetu_geetanjaliuniv_3_0_0,2,0,17,4,4,8.5
548,googleapis_appsactivity_v1,11,11,37,37,32,3.3636363636363638
549,mastercard_SpendingPulse_1_0,19,19,93,93,67,4.894736842105263
550,apisetu_edistrictodisha_3_0_0,3,0,49,24,4,16.333333333333332
551,opendatanetwork_1_0_0,9,0,0,0,0,0.0
552,mandrillapp_1_0,95,95,337,337,123,3.5473684210526315
553,visualstudio_v1,128,124,522,502,290,4.078125
554,apisetu_licindia_3_0_0,2,0,17,4,4,8.5
555,apisetu_barti_3_0_0,2,0,17,4,4,8.5
556,apisetu_gbshse_3_0_0,2,0,17,4,4,8.5
557,microsoft_cognitiveservices-SpellCheck_1_0,9,5,18,16,15,2.0
558,datumbox_1_0,0,0,0,0,0,0.0
559,gov_open511_1_0_0,0,0,0,0,0,0.0
560,azure_windowsiot-WindowsIotServices_2018-02-16-preview,12,9,30,25,21,2.5
561,letmc_reporting_v3-reporting,7,7,66,66,58,9.428571428571429
562,googleapis_drive_v2,38,37,359,351,206,9.447368421052632
563,azure_web-AppServicePlans_2016-09-01,4,4,42,42,4,10.5
564,hsbc_product_2_2_1,14,14,32,32,11,2.2857142857142856
565,googleapis_groupssettings_v1,1,1,62,62,62,62.0
566,scrapewebsite_0_1,0,0,0,0,0,0.0
567,ornl_daymet_1_0_2,0,0,0,0,0,0.0
568,ip2location_1_0,0,0,0,0,0,0.0
569,apisetu_transportdl_3_0_0,4,2,46,33,17,11.5
570,azure_azsadmin-MacAddressPool_2016-05-01,3,3,8,8,8,2.6666666666666665
571,amadeus_amadeus-hotel-ratings_1_0_2,11,5,34,15,13,3.090909090909091
572,apiz_sell-finances_v1_15_0,21,19,137,126,109,6.523809523809524
573,apisetu_mriu_3_0_0,2,0,17,4,4,8.5
574,extpose_1_0_0,1,0,9,0,0,9.0
575,apimatic_1_0,0,0,0,0,0,0.0
576,azure_machinelearning-workspaces_2016-04-01,10,9,27,22,18,2.7
577,azure_applicationinsights-workbookTemplates_API_2019-10-17-preview,9,7,27,20,17,3.0
578,europeana_version unknown,4,4,28,28,28,7.0
579,dataatwork_1_0,18,18,48,48,24,2.6666666666666665
580,azure_azsadmin-ServiceHealth_2016-05-01,3,3,6,6,6,2.0
581,googleapis_blogger_v3,15,15,106,106,45,7.066666666666666
582,azure_peering_2019-03-01-preview,28,27,89,86,61,3.1785714285714284
583,gov_bcgnws_3_x_x,0,0,0,0,0,0.0
584,azure_managementpartner-ManagementPartner_2018-02-01,9,9,25,25,24,2.7777777777777777
585,azure_automation-softwareUpdateConfigurationRun_2017-05-15-preview,6,6,28,28,24,4.666666666666667
586,azure_security-operations_2015-06-01-preview,3,3,10,10,10,3.3333333333333335
587,azure_security-regulatoryCompliance_2019-01-01-preview,9,9,33,33,19,3.6666666666666665
588,nexmo_verify_1_2_4,22,11,94,48,25,4.2727272727272725
589,apisetu_kseebkr_3_0_0,2,0,17,4,4,8.5
590,twilio_twilio_trusthub_v1_1_42_0,21,18,158,158,37,7.523809523809524
591,apisetu_biharboard_3_0_0,2,0,21,8,4,10.5
592,interzoid_getcountrymatch_1_0_0,0,0,0,0,0,0.0
593,azure_azsadmin-Subscriptions_2015-11-01,4,3,13,8,8,3.25
594,passwordutility_v1,1,1,0,0,0,0.0
595,sportsdata_nfl-v3-rotoballer-premium-news_1_0,1,0,18,0,0,18.0
596,surrey_open511_0_1,0,0,0,0,0,0.0
597,jira_1_0_0,0,0,0,0,0,0.0
598,libretranslate_1_3_9,8,8,12,12,11,1.5
599,apisetu_lawcollegeandaman_3_0_0,2,0,17,4,4,8.5
600,azure_web-AppServiceEnvironments_2018-02-01,21,19,116,114,26,5.523809523809524
601,interzoid_getzipinfo_1_0_0,0,0,0,0,0,0.0
602,ljaero_dflight_V 1_0_0,50,50,77,77,13,1.54
603,mastercard_Locations_1_0_0,28,28,77,77,67,2.75
604,thesmsworks_1_8_0,18,15,73,64,30,4.055555555555555
605,azure_imagebuilder_2018-02-01-preview,25,18,63,44,29,2.52
606,azure_network-ddosProtectionPlan_2018-04-01,3,3,12,12,12,4.0
607,azure_serialconsole_2018-05-01,5,5,6,6,4,1.2
608,apisetu_negd_3_0_0,2,0,17,4,4,8.5
609,sportsdata_golf-v2_1_0,15,8,255,145,114,17.0
610,sportsdata_nba-v3-projections_1_0,13,2,306,140,82,23.53846153846154
611,whapi_locations_2_0,8,8,23,23,20,2.875
612,amadeus_amadeus-tours-and-activities_1_0_2,9,4,37,17,9,4.111111111111111
613,googleapis_fitness_v1,22,22,85,85,61,3.8636363636363638
614,azure_apimanagement_2016-10-10,6,4,14,8,6,2.3333333333333335
615,brainbi_1_0_0,0,0,0,0,0,0.0
616,twilio_twilio_chat_v3_1_42_0,3,2,16,16,16,5.333333333333333
617,getthedata_bng2latlong_1_0,0,0,0,0,0,0.0
618,azure_applicationinsights-aiOperations_API_2015-05-01,3,3,6,6,6,2.0
619,cambase_1_0,0,0,0,0,0,0.0
620,esgenterprise_1_0_0,0,0,0,0,0,0.0
621,illumidesk_1_0,85,79,551,525,141,6.482352941176471
622,interzoid_lookupareacode_1_0_0,0,0,0,0,0,0.0
623,amadeus_amadeus-trip-purpose-prediction_1_1_4,9,9,20,20,18,2.2222222222222223
624,apisetu_hpayushboard_3_0_0,2,0,21,8,4,10.5
625,azure_apimanagement-apimemailtemplate_2018-06-01-preview,6,6,23,23,11,3.8333333333333335
626,mercedes-benz_diagnostics_1_0,14,9,31,6,6,2.2142857142857144
627,azure_storageimportexport_2016-11-01,18,18,79,79,53,4.388888888888889
628,apisetu_bajajallianz_3_0_0,2,0,41,28,4,20.5
629,archive_search_1_0_0,6,5,10,10,7,1.6666666666666667
630,adyen_HopService_1,10,10,47,47,38,4.7
631,googleapis_playcustomapp_v1,2,2,6,6,6,3.0
632,amadeus_amadeus-hotel-name-autocomplete_1_0_3,0,0,0,0,0,0.0
633,azure_apimanagement-apimpolicydescriptions_2019-12-01-preview,0,0,0,0,0,0.0
634,azure_security-topologies_2015-06-01-preview,6,6,18,18,14,3.0
635,azure_automation-sourceControlSyncJob_2017-05-15-preview,7,7,29,29,16,4.142857142857143
636,apisetu_ehimapurtihp_3_0_0,2,0,17,4,4,8.5
637,azure_automation-certificate_2015-10-31,7,7,28,28,13,4.0
638,data_3_0,0,0,0,0,0,0.0
639,vtex_Headless-CMS-API_0_31_2,0,0,0,0,0,0.0
640,nexmo_conversation,17,0,34,14,4,2.0
641,apisetu_cholainsurance_3_0_0,2,0,21,8,4,10.5
642,browshot_1_17_0,16,14,94,89,54,5.875
643,netatmo_1_1_5,65,63,400,388,192,6.153846153846154
644,azure_azsadmin-ProductDeployment_2019-01-01,12,8,33,29,25,2.75
645,twilio_twilio_numbers_v2_1_42_0,23,17,124,124,40,5.391304347826087
646,deeparteffects_2017-02-10T162446Z,7,6,15,15,14,2.142857142857143
647,azure_apimanagement-apimidentityprovider_2018-06-01-preview,0,0,0,0,0,0.0
648,azure_applicationinsights-favorites_API_2015-05-01,1,1,11,11,11,11.0
649,hubhopper_v5,14,13,71,71,34,5.071428571428571
650,azure_azsadmin-StorageSystem_2016-05-01,3,3,4,4,4,1.3333333333333333
651,furkot_1_0_0,2,0,14,0,0,7.0
652,deutschebahn_reisezentren_v1,4,3,11,11,11,2.75
653,azure_sql-managedInstanceAdministrators_2017-03-01-preview,5,3,10,7,7,2.0
654,fisheye_1_0_0,0,0,0,0,0,0.0
655,n-auth_2_2,19,19,65,65,53,3.4210526315789473
656,azure_web-Certificates_2016-03-01,3,3,4,4,3,1.3333333333333333
657,data2crm_1,161,159,729,708,202,4.527950310559007
658,googleapis_siteVerification_v1,4,4,8,8,7,2.0
659,apisetu_transportml_3_0_0,4,2,46,33,17,11.5
660,shop-pro_1_0_0,6,0,60,23,10,10.0
661,reverb_3_0,0,0,0,0,0,0.0
662,azure_mysql-PerformanceRecommendations_2018-06-01,7,7,17,17,14,2.4285714285714284
663,moonmoonmoonmoon_1_0,0,0,0,0,0,0.0
664,xkcd_1_0_0,1,1,11,11,11,11.0
665,azure_sql-checkNameAvailability_2014-04-01,2,2,6,6,5,3.0
666,azure_azsadmin-VMExtensions_2015-12-01-preview,5,5,10,10,9,2.0
667,ebay_sell-listing_v1_beta_3_0,9,7,35,24,24,3.888888888888889
668,azure_applicationinsights-workbooks_API_2015-05-01,7,5,27,19,16,3.857142857142857
669,azure_visualstudio-Csm_2017-11-01-preview,25,20,63,50,38,2.52
670,whapi_bets_2_0_0,26,26,124,124,74,4.769230769230769
671,azure_applicationinsights-componentAnnotations_API_2015-05-01,4,4,12,12,12,3.0
672,googleapis_cloudtrace_v2beta1,4,4,6,6,6,1.5
673,apisetu_nitp_3_0_0,2,0,17,4,4,8.5
674,azure_service-map-arm-service-map_2015-11-01-preview,73,32,160,60,31,2.191780821917808
675,azure_automation-module_2015-10-31,19,19,81,81,37,4.2631578947368425
676,betfair_1_0_1423,26,10,134,10,9,5.153846153846154
677,ebay_commerce-catalog_v1_beta_5_0,10,8,60,49,37,6.0
678,ebay_buy-marketing_v1_beta_2_0,9,9,36,36,32,4.0
679,citrixonline_scim_NA,22,22,72,72,37,3.272727272727273
680,googleapis_calendar_v3,34,28,191,179,119,5.617647058823529
681,azure_sql-dataMasking_2014-04-01,5,5,23,23,20,4.6
682,azure_storSimple1200Series-StorSimple_2016-10-01,108,101,333,310,205,3.0833333333333335
683,ebay_sell-account_v1_9_0,48,48,252,252,116,5.25
684,gitlab_v3,68,68,1216,1216,376,17.88235294117647
685,azure_web-DeletedWebApps_2018-02-01,1,1,6,6,4,6.0
686,up_v1,37,25,71,55,12,1.9189189189189189
687,apisetu_transportpy_3_0_0,4,2,46,33,17,11.5
688,azure_datalake-analytics-account_2015-10-01-preview,20,16,55,43,22,2.75
689,apisetu_cpctmp_3_0_0,2,0,17,4,4,8.5
690,googleapis_iap_v1beta1,8,8,15,15,14,1.875
691,restful4up_1_0_0,3,1,21,14,10,7.0
692,sportsdata_csgo-v3-stats_1_0,16,6,209,94,75,13.0625
693,azure_sql-WorkloadGroups_2019-06-01-preview,5,3,12,9,9,2.4
694,nexmo_sms_1_2_0,9,1,64,18,18,7.111111111111111
695,azure_azsadmin-Fabric_2016-05-01,6,3,15,8,8,2.5
696,cnab-online_1_0_0,4,1,15,6,3,3.75
697,change_v1,0,0,0,0,0,0.0
698,scideas_perfectpdf_1_0,4,2,2,2,2,0.5
699,apisetu_eservicearunachal_3_0_0,2,0,37,24,4,18.5
700,azure_resources_2015-11-01,46,40,127,115,59,2.760869565217391
701,azure_monitor-metricNamespaces_API_2017-12-01-preview,4,4,8,8,8,2.0
702,apideck_issue-tracking_9_3_0,65,8,251,24,18,3.8615384615384616
703,openapi_1_0_0,5,5,16,16,13,3.2
704,apis_2_2_0,4,3,27,19,18,6.75
705,runscope_1_0_0,20,15,101,85,56,5.05
706,googleapis_groupsmigration_v1,1,1,2,2,2,2.0
707,exude-api_1_0_0,2,2,4,4,3,2.0
708,azure_security-assessmentMetadata_2019-01-01-preview,3,3,20,20,15,6.666666666666667
709,botschaft_0_1_0,7,7,17,17,10,2.4285714285714284
710,googleapis_domainsrdap_v1,4,4,21,21,17,5.25
711,apisetu_aharakar_3_0_0,2,0,17,4,4,8.5
712,traccar_5_6,21,14,175,116,59,8.333333333333334
713,apideck_proxy_9_3_0,0,0,0,0,0,0.0
714,twilio_twilio_events_v1_1_42_0,10,10,64,64,33,6.4
715,azure_sql-instancePools_2018-06-01-preview,4,4,8,8,8,2.0
716,tomtom_maps_1_0_0,0,0,0,0,0,0.0
717,tinyuid_1_0_0,0,0,0,0,0,0.0
718,azure_web-TopLevelDomains_2015-04-01,5,5,11,11,9,2.2
719,cowin_cowincert_1_0_0,1,1,2,2,2,2.0
720,aiception_1_0_0,4,1,20,14,5,5.0
721,interzoid_getfullnamematch_1_0_0,0,0,0,0,0,0.0
722,adyen_PaymentService_25,48,24,488,193,121,10.166666666666666
723,azure_monitor-scheduledQueryRule_API_2018-04-16,21,10,46,21,19,2.1904761904761907
724,azure_managednetwork-managedNetwork_2019-06-01-preview,25,19,48,38,23,1.92
725,microsoft_cognitiveservices-Ocr_2_0,9,8,20,19,16,2.2222222222222223
726,azure_sql-serverSecurityAlertPolicies_2017-03-01-preview,3,3,11,11,11,3.6666666666666665
727,azure_blueprint-blueprintAssignment_2017-11-11-preview,18,8,31,14,14,1.7222222222222223
728,azure_network-publicIpPrefix_2018-07-01,6,6,19,19,19,3.1666666666666665
729,azure_azsadmin-tableServices_2015-12-01-preview,2,2,6,6,4,3.0
730,parliament_bills_v1,43,40,196,196,88,4.558139534883721
731,azure_recoveryservices-replicationusages_2016-06-01,4,4,16,16,16,4.0
732,opto22_pac_R1_0a,19,12,40,26,15,2.1052631578947367
733,ebay_sell-compliance_1_4_1,13,11,44,33,29,3.3846153846153846
734,apisetu_transporttn_3_0_0,4,2,46,33,17,11.5
735,transitfeeds_1_0_0,10,6,46,22,4,4.6
736,googleapis_servicebroker_v1,6,6,13,13,12,2.1666666666666665
737,azure_azsadmin-Manifest_2015-11-01,34,34,92,92,61,2.7058823529411766
738,apisetu_jac_3_0_0,2,0,29,16,4,14.5
739,azure_compute-runCommands_2017-03-30,12,8,35,20,16,2.9166666666666665
740,azure_sql-blobAuditing_2017-03-01-preview,10,10,47,47,14,4.7
741,circl_hashlookup_1_2,0,0,0,0,0,0.0
742,azure_sql-managedInstances_2015-05-01-preview,4,4,26,26,24,6.5
743,evetech_0_8_6,7,7,449,449,237,64.14285714285714
744,zoomconnect_1,32,31,136,136,87,4.25
745,combell_v2,89,76,254,222,118,2.853932584269663
746,azure_visualstudio-PipelineTemplates_2018-08-01-preview,4,4,10,10,7,2.5
747,nytimes_top_stories_2_0_0,1,0,21,1,1,21.0
748,azure_network-operation_2017-09-01,7,3,30,7,7,4.285714285714286
749,apisetu_iocl_3_0_0,2,0,21,8,4,10.5
750,azure_resources-policyDefinitions_2018-03-01,3,3,13,13,13,4.333333333333333
751,apisetu_bsehr_3_0_0,2,0,21,8,4,10.5
752,trakt_1_0_0,108,0,85,85,29,0.7870370370370371
753,azure_monitor-metrics_API_2016-09-01,6,6,16,16,15,2.6666666666666665
754,wmata_rail-station_1_0,0,0,0,0,0,0.0
755,apisetu_scvtup_3_0_0,2,0,21,8,4,10.5
756,azure_applicationinsights-componentContinuousExport_API_2015-05-01,3,3,28,28,22,9.333333333333334
757,apisetu_gmch_3_0_0,2,0,17,4,4,8.5
758,azure_resources-locks_2015-01-01,3,3,8,8,8,2.6666666666666665
759,haloapi_stats_1_0,0,0,0,0,0,0.0
760,nytimes_semantic_api_2_0_0,2,0,32,8,4,16.0
761,ideaconsult_enanomapper_4_0_0,9,8,47,41,39,5.222222222222222
762,intel_product-catalogue_0_1_0,0,0,0,0,0,0.0
763,vtex_GiftCard-Hub-API_1_0,15,15,91,91,59,6.066666666666666
764,azure_azsadmin-LoadBalancers_2015-06-15,3,3,4,4,4,1.3333333333333333
765,azure_applicationinsights-QueryPackQueries_API_2019-09-01-preview,6,5,22,19,16,3.6666666666666665
766,azure_sql-ManagedInstanceVulnerabilityAssessments_2018-06-01-preview,4,4,10,10,10,2.5
767,azure_streamanalytics-inputs_2016-03-01,33,8,52,16,13,1.5757575757575757
768,ebay_sell-analytics_1_2_0,22,22,68,68,54,3.090909090909091
769,azure_network-privateLinkService_2019-04-01,17,12,74,73,33,4.352941176470588
770,azure_apimanagement-apimregions_2018-06-01-preview,0,0,0,0,0,0.0
771,vtex_Recurrence-(v1-_1_0,7,5,23,17,15,3.2857142857142856
772,sportsdata_mlb-v3-rotoballer-premium-news_1_0,1,0,18,0,0,18.0
773,increase_0_0_1,103,103,589,589,158,5.718446601941747
774,azure_containerservices-location_2017-09-30,4,4,11,11,9,2.75
775,walmart_order_3_0_1,0,0,0,0,0,0.0
776,azure_storage-managementpolicy_2018-03-01-preview,4,4,4,4,3,1.0
777,openbanking_confirmation-funds-openapi_3_1_7,9,2,24,2,1,2.6666666666666665
778,portfoliooptimizer_1_0_9,0,0,0,0,0,0.0
779,sheetlabs_rig-veda_1_2,0,0,0,0,0,0.0
780,azure_azsadmin-Activation_2016-01-01,3,3,9,9,9,3.0
781,googleapis_ideahub_v1alpha,8,7,23,20,13,2.875
782,nytimes_times_tags_1_0_0,0,0,0,0,0,0.0
783,vtex_SKU-Bindings-API_1_0,0,0,0,0,0,0.0
784,azure_monitor-subscriptionDiagnosticsSettings_API_2017-05-01-preview,6,5,16,12,12,2.6666666666666665
785,googleapis_connectors_v2,17,17,39,39,22,2.2941176470588234
786,sportsdata_cbb-v3-scores_1_0,10,6,238,106,100,23.8
787,azure_sql-recommendedElasticPoolsDecoupled_2014-04-01,5,5,17,17,15,3.4
788,versioneye_v1,0,0,0,0,0,0.0
789,orghunter_1_0_0,0,0,0,0,0,0.0
790,goog_0_1_0,3,3,23,23,16,7.666666666666667
791,nativeads_1_0_0,9,9,50,50,25,5.555555555555555
792,apisetu_apmcservices_3_0_0,2,0,17,4,4,8.5
793,epa_eff_2019_10_15,20,0,153,33,10,7.65
794,azure_azsadmin-DiskMigrationJobs_2018-07-30-preview,9,0,25,5,3,2.7777777777777777
795,azure_mariadb-PerformanceRecommendations_2018-06-01,7,7,17,17,14,2.4285714285714284
796,apisetu_hppanchayat_3_0_0,2,0,17,4,4,8.5
797,azure_cdn_2015-06-01,41,39,89,84,30,2.1707317073170733
798,azure_sql-managedDatabaseSensitivityLabels_2018-06-01-preview,3,3,9,9,9,3.0
799,googleapis_gamesConfiguration_v1configuration,10,10,48,48,32,4.8
800,tradematic_1_0_2,47,19,404,217,144,8.595744680851064
801,wiremock_admin_2_35_0,0,0,0,0,0,0.0
802,googleapis_businessprofileperformance_v1,12,12,24,24,22,2.0
803,googleapis_youtube_v3,186,186,956,956,478,5.139784946236559
804,sportsdata_soccer-v3-projections_1_0,7,0,205,0,0,29.285714285714285
805,azure_sql-ManagedRestorableDroppedDatabaseBackupShortTermRetenion_2017-03-01-preview,5,3,7,4,4,1.4
806,azure_operationsmanagement-OperationsManagement_2015-11-01-preview,15,15,41,41,21,2.7333333333333334
807,vonage_vgis_1_0_1,11,10,71,56,40,6.454545454545454
808,azure_applicationinsights-componentApiKeys_API_2015-05-01,3,3,10,10,7,3.3333333333333335
809,azure_iotspaces_2017-10-01-preview,13,12,35,30,24,2.6923076923076925
810,walmart_inventory_1_0_0,25,0,92,28,12,3.68
811,apispot_whois_1_0,2,2,13,13,12,6.5
812,googleapis_gamesManagement_v1management,13,13,43,43,31,3.3076923076923075
813,azure_sql-ManagedDatabaseSecurityAlertPolicies_2017-03-01-preview,3,3,11,11,11,3.6666666666666665
814,azure_storagesync_2017-06-05-preview,42,23,112,58,43,2.6666666666666665
815,azure_policyinsights-policyTrackedResources_2018-07-01-preview,5,5,17,17,16,3.4
816,spinbot_1_0,0,0,0,0,0,0.0
817,googleapis_smartdevicemanagement_v1,9,9,19,19,13,2.111111111111111
818,azure_cosmos-db_2015-04-01,124,122,229,221,107,1.846774193548387
819,apisetu_transportod_3_0_0,4,2,46,33,17,11.5
820,apisetu_maxlifeinsurance_3_0_0,2,0,17,4,4,8.5
821,adyen_TestCardService_1,6,6,25,25,24,4.166666666666667
822,authentiq_1_0,7,1,73,18,17,10.428571428571429
823,apisetu_tbse_3_0_0,2,0,17,4,4,8.5
824,azure_azsadmin-FabricLocation_2016-05-01,3,3,14,14,14,4.666666666666667
825,regcheck_1_0_0,1,0,0,0,0,0.0
826,azure_resourcegraph-graphquery_2018-09-01-preview,8,7,23,18,13,2.875
827,hetras-certification_hotel_v0,46,36,243,193,96,5.282608695652174
828,ebay_commerce-translation_1,5,3,22,11,8,4.4
829,geodatasource_1_0,0,0,0,0,0,0.0
830,azure_powerbidedicated_2017-10-01,16,15,31,25,17,1.9375
831,googleapis_tasks_v1,4,4,29,29,17,7.25
832,azure_monitor-vmInsightsOnboarding_API_2018-11-27-preview,6,3,11,4,4,1.8333333333333333
833,apideck_pos_9_3_0,95,26,588,210,128,6.189473684210526
834,apisetu_pmjay_3_0_0,2,0,17,4,4,8.5
835,sportsdata_lol-v3-stats_1_0,24,6,480,94,75,20.0
836,testfire_altoroj_1_0_2,6,6,19,19,15,3.1666666666666665
837,bluemix_containers_3_0_0,37,29,245,194,143,6.621621621621622
838,launchdarkly_5_3_0,107,86,489,429,146,4.570093457943925
839,azure_policyinsights-policyStates_2017-08-09-preview,6,5,11,8,7,1.8333333333333333
840,nexmo_redact_1_0_6,8,4,29,13,7,3.625
841,azure_security-tasks_2015-06-01-preview,4,4,16,16,10,4.0
842,azure_advisor_2016-07-12-preview,9,8,33,28,25,3.6666666666666665
843,swagger_generator_2_4_30,6,5,19,14,13,3.1666666666666665
844,azure_mysql_2017-04-30-preview,33,29,81,72,44,2.4545454545454546
845,azure_azsadmin-Update_2016-05-01,4,3,13,8,8,3.25
846,simplyrets_1_0_0,16,15,124,123,114,7.75
847,azure_sql-TdeCertificates_2017-10-01-preview,2,2,3,3,3,1.5
848,googleapis_storage_v1,20,19,156,152,90,7.8
849,azure_monitor-tenantActivityLogs_API_2015-04-01,6,6,37,37,36,6.166666666666667
850,interzoid_convertcurrency_1_0_0,0,0,0,0,0,0.0
851,azure_apimanagement-apimissues_2018-01-01,0,0,0,0,0,0.0
852,interzoid_getweathercity_1_0_0,0,0,0,0,0,0.0
853,azure_azsadmin-VirtualNetworks_2015-06-15,5,5,10,10,8,2.0
854,apisetu_pan_3_0_0,3,1,28,15,15,9.333333333333334
855,sportsdata_lol-v3-projections_1_0,5,0,125,0,0,25.0
856,azure_azsadmin-OfferDelegation_2015-11-01,3,3,4,4,4,1.3333333333333333
857,azure_compute-gallery_2018-06-01,31,25,77,64,48,2.4838709677419355
858,azure_security-deviceSecurityGroups_2017-08-01-preview,9,7,23,18,14,2.5555555555555554
859,nytimes_timeswire_3_0_0,1,0,35,12,4,35.0
860,idtbeyond_1_1_7,3,3,15,15,12,5.0
861,azure_azsadmin-shares_2015-12-01-preview,3,3,11,11,9,3.6666666666666665
862,azure_azsadmin-StorageOperationResults_2016-05-01,3,3,5,5,5,1.6666666666666667
863,ebay_developer-analytics_v1_beta_0_0,6,4,22,11,11,3.6666666666666665
864,isbndb_1_0_1,5,5,26,26,24,5.2
865,apisetu_hpsbys_3_0_0,2,0,17,4,4,8.5
866,apisetu_ubseuk_3_0_0,2,0,25,12,4,12.5
867,azure_machinelearning-commitmentPlans_2016-05-01-preview,23,21,74,65,49,3.217391304347826
868,azure_automation-job_2015-10-31,11,11,56,56,28,5.090909090909091
869,hubapi_files_v3,20,19,117,110,54,5.85
870,azure_applicationinsights-components_API_2015-05-01,9,8,34,29,28,3.7777777777777777
871,amadeus_amadeus-travel-recommendations_1_0_3,5,2,11,5,4,2.2
872,hubapi_events_v3,6,4,23,11,11,3.8333333333333335
873,sheetlabs_vedic-society_1_2,0,0,0,0,0,0.0
874,azure_sql-databaseVulnerabilityAssessmentBaselines_2017-03-01-preview,3,3,3,3,3,1.0
875,azure_authorization-authorization-RoleAssignmentsCalls_2015-07-01,6,5,13,12,9,2.1666666666666665
876,googleapis_admob_v1beta,30,28,86,81,50,2.8666666666666667
877,azure_azsadmin-Alert_2016-05-01,3,3,21,21,21,7.0
878,openfigi_1_4_0,9,6,30,17,17,3.3333333333333335
879,azure_security-allowedConnections_2015-06-01-preview,5,5,14,14,12,2.8
880,fecru_1_0_0,0,0,0,0,0,0.0
881,azure_security-automations_2019-01-01-preview,12,9,32,26,20,2.6666666666666665
882,azure_azsadmin-Backups_2016-05-01,7,7,15,15,14,2.142857142857143
883,azure_machinelearningservices-machineLearningServices_2018-03-01-preview,32,17,72,39,29,2.25
884,apideck_sms_9_3_0,21,1,114,21,21,5.428571428571429
885,azure_mixedreality-remote-rendering_2019-12-02-preview,2,2,40,40,10,20.0
886,azure_applicationinsights-componentProactiveDetection_API_2015-05-01,2,2,6,6,6,3.0
887,hubapi_webhooks_v3,15,14,58,51,27,3.8666666666666667
888,zalando_v1_0,29,27,116,105,78,4.0
889,apisetu_transportts_3_0_0,4,2,46,33,17,11.5
890,azure_azsadmin-StoragePool_2016-05-01,3,3,4,4,4,1.3333333333333333
891,azure_resources-policySetDefinitions_2018-03-01,5,5,17,17,16,3.4
892,payments_payments_1_0_3,32,31,171,169,70,5.34375
893,azure_hybriddatamanager-hybriddata_2016-06-01,39,34,110,95,65,2.8205128205128207
894,letmc_customer_v2-customer,28,27,130,126,92,4.642857142857143
895,voodoomfg_2_0_0,16,14,82,68,45,5.125
896,mcw_1_1,24,12,219,107,85,9.125
897,azure_datalake-store-account_2015-10-01-preview,13,9,49,37,27,3.769230769230769
898,nytimes_most_popular_api_2_0_0,6,0,55,28,5,9.166666666666666
899,sportsdata_mlb-v3-scores_1_0,11,2,459,56,56,41.72727272727273
900,slack_openai_v1,2,1,5,3,3,2.5
901,wellknown_1_0_0,0,0,0,0,0,0.0
902,azure_sql-renameDatabase_2017-03-01-preview,1,1,1,1,1,1.0
903,text2data_v3_4,9,8,74,69,59,8.222222222222221
904,wmata_bus-route_1_0,0,0,0,0,0,0.0
905,stellastra_1_0,0,0,0,0,0,0.0
906,azure_apimanagement-apimquotas_2016-10-10,3,3,21,21,12,7.0
907,nytimes_movie_reviews_2_0_0,2,0,29,12,4,14.5
908,apisetu_dgecerttn_3_0_0,2,0,21,8,4,10.5
909,thebluealliance_3_8_2,48,22,576,145,94,12.0
910,azure_sql-tableAuditing_2014-04-01,9,8,30,19,11,3.3333333333333335
911,azure_mediaservices-media_2015-10-01,16,15,32,27,23,2.0
912,azure_automation-connection_2015-10-31,8,8,28,28,11,3.5
913,apisetu_reliancegeneral_3_0_0,2,0,37,24,4,18.5
914,azure_authorization-authorization-ClassicAdminCalls_2015-06-01,3,3,8,8,8,2.6666666666666665
915,oceandrivers_1_0,0,0,0,0,0,0.0
916,1password_connect_1_5_7,10,5,53,20,17,5.3
917,azure_azsadmin-BackupLocations_2016-05-01,4,4,16,16,14,4.0
918,cloudmersive_ocr_v1,27,26,109,107,71,4.037037037037037
919,apisetu_transportrj_3_0_0,4,2,46,33,17,11.5
920,azure_reservations_2017-11-01,34,31,83,70,44,2.4411764705882355
921,azure_network-virtualNetworkGateway_2015-06-15,22,22,72,72,44,3.272727272727273
922,azure_monitor-privateLinkScopes_API_2019-10-17-preview,18,16,36,27,16,2.0
923,azure_mediaservices-Accounts_2018-03-30-preview,15,12,36,34,17,2.4
924,azure_monitor-eventCategories_API_2015-04-01,3,3,5,5,4,1.6666666666666667
925,mailboxvalidator_checker_1_0_0,0,0,0,0,0,0.0
926,sportsdata_nfl-v3-projections_1_0,13,5,683,333,190,52.53846153846154
927,apideck_vault_9_3_0,48,16,226,90,67,4.708333333333333
928,apisetu_mppmc_3_0_0,2,0,17,4,4,8.5
929,azure_storsimple8000series-storsimple_2017-06-01,138,129,430,400,274,3.1159420289855073
930,azure_addons-addons-swagger_2018-03-01,8,8,16,16,15,2.0
931,azure_sql-sensitivityLabels_2018-06-01-preview,3,3,5,5,5,1.6666666666666667
932,adyen_ManagementService_1,152,146,750,740,311,4.934210526315789
933,walletobjects_pay-passes_v1,145,145,851,851,426,5.86896551724138
934,azure_authorization-authorization-ProviderOperationsCalls_2015-07-01,4,4,16,16,11,4.0
935,azure_sql-ManagedInstanceKeys_2017-10-01-preview,3,3,8,8,8,2.6666666666666665
936,openbanking_v1_3,0,0,0,0,0,0.0
937,azure_apimanagement-apimapiversionsets_2018-06-01-preview,0,0,0,0,0,0.0
938,apisetu_landrecordskar_3_0_0,2,1,21,19,15,10.5
939,sportsdata_cfb-v3-scores_1_0,9,1,287,6,6,31.88888888888889
940,azure_sql-ServerAzureADAdministrators_2018-06-01-preview,5,3,10,7,7,2.0
941,naviplancentral_plan_v1,225,220,1035,1027,625,4.6
942,tomtom_search_1_0_0,0,0,0,0,0,0.0
943,azure_sql-backupLongTermRetentionVaults_2014-04-01,3,3,4,4,4,1.3333333333333333
944,googleapis_analytics_v3,57,54,505,490,144,8.859649122807017
945,azure_azsadmin-Offer_2015-11-01,2,2,6,6,6,3.0
946,haloapi_ugc_1_0,0,0,0,0,0,0.0
947,whapi_numbers_2_0,3,3,6,6,6,2.0
948,adyen_FundService_3,31,31,134,134,74,4.32258064516129
949,webscraping_2_0_7,4,2,6,3,3,1.5
950,apisetu_swavlambancard_3_0_0,2,1,21,19,15,10.5
951,azure_recoveryservices-vaultusages_2016-06-01,3,3,9,9,8,3.0
952,etherpad_1_2_15,3,0,1164,1152,3,388.0
953,azure_sql-ManagedInstanceEncryptionProtectors_2017-10-01-preview,3,3,8,8,8,2.6666666666666665
954,ebay_commerce-charity_v1_2_1,8,6,37,26,26,4.625
955,azure_containerservice-location_2017-09-30,4,4,11,11,9,2.75
956,clever_1_2_0,37,34,139,136,64,3.7567567567567566
957,azure_mysql-QueryPerformanceInsights_2018-06-01,13,13,41,41,25,3.1538461538461537
958,azure_azsadmin-Gallery_2015-04-01,4,3,13,8,8,3.25
959,pims_1_0,17,16,110,105,52,6.470588235294118
960,adyen_CheckoutService_37,145,82,1042,607,238,7.186206896551724
961,azure_network-azureFirewallFqdnTag_2018-08-01,3,3,6,6,6,2.0
962,haloapi_metadata_1_0,0,0,0,0,0,0.0
963,getgo_gotowebinar_1_0_0,51,30,228,144,81,4.470588235294118
964,azure_applicationinsights-componentFeaturesAndPricing_API_2017-10-01,3,2,11,8,8,3.6666666666666665
965,apisetu_nitap_3_0_0,2,0,17,4,4,8.5
966,amadeus_amadeus-flight-inspiration-search_1_0_6,14,13,33,31,27,2.357142857142857
967,azure_security-autoProvisioningSettings_2017-08-01-preview,3,3,7,7,5,2.3333333333333335
968,color_1_0_0,5,1,35,8,6,7.0
969,azure_sql-PrivateEndpointConnections_2018-06-01-preview,7,5,13,10,10,1.8571428571428572
970,azure_network-networkWatcher_2016-09-01,35,35,98,98,64,2.8
971,azure_servicefabricmesh_2018-07-01-preview,51,19,129,27,13,2.5294117647058822
972,googleapis_deploymentmanager_v2beta,50,50,197,197,107,3.94
973,azure_azsadmin-GalleryItem_2015-04-01,15,15,65,65,52,4.333333333333333
974,azure_sql-shortTermRetentionPolicies_2017-10-01-preview,3,3,4,4,4,1.3333333333333333
975,azure_mariadb-PrivateEndpointConnections_2018-06-01,8,7,12,12,12,1.5
976,azure_sql-managedDatabases_2017-03-01-preview,7,5,25,20,19,3.5714285714285716
977,azure_marketplace-Marketplace_2019-12-01,3,3,5,5,5,1.6666666666666667
978,apisetu_mcimindia_3_0_0,2,0,21,8,4,10.5
979,openbankingproject_1_3_8_2020-12-14 - Swiss edition 1_3_8_1-CH,289,0,889,0,0,3.0761245674740483
980,dropx_1_0_0,0,0,0,0,0,0.0
981,azure_security-jitNetworkAccessPolicies_2015-06-01-preview,12,12,42,42,22,3.5
982,azure_sql-serverKeys_2015-05-01-preview,3,3,10,10,10,3.3333333333333335
983,azure_mediaservices-Assets_2018-03-30-preview,7,6,22,22,16,3.142857142857143
984,jirafe_2_0_0,19,17,109,108,61,5.7368421052631575
985,epa_cwa_2019_10_15,197,0,1481,435,175,7.517766497461929
986,azure_compute-skus_2017-09-01,8,8,32,32,28,4.0
987,crucible_1_0_0,0,0,0,0,0,0.0
988,apisetu_phedharyana_3_0_0,2,0,25,12,4,12.5
989,apisetu_transportwb_3_0_0,4,2,46,33,17,11.5
990,ebay_sell-recommendation_1_1_0,8,6,27,16,16,3.375
991,apisetu_aiimsmangalagiri_3_0_0,2,0,17,4,4,8.5
992,brandlovers_1_0_0,52,49,259,253,116,4.980769230769231
993,apideck_ats_9_3_0,56,22,245,79,70,4.375
994,ibanapi_1_0_0,7,7,25,25,5,3.5714285714285716
995,mailboxvalidator_validation_0_1,0,0,0,0,0,0.0
996,freetv-app_v1,2,2,5,5,5,2.5
997,azure_monitor-guestDiagnosticSettingsAssociation_API_2018-06-01-preview,6,5,13,8,7,2.1666666666666665
998,apisetu_agtripura_3_0_0,2,0,21,8,4,10.5
999,apisetu_newindia_3_0_0,2,0,41,28,4,20.5
1000,victorops_0_0_3,98,78,326,269,146,3.326530612244898
1001,nfusionsolutions_1,7,0,51,0,0,7.285714285714286
1002,adyen_StoredValueService_46,14,14,92,92,26,6.571428571428571
1003,deutschebahn_fahrplan_v1,7,7,29,29,23,4.142857142857143
1004,amadeus_amadeus-points-of-interest_1_1_1,8,4,29,14,8,3.625
1005,apisetu_godigit_3_0_0,2,0,25,12,4,12.5
1006,azure_blockchain_2018-06-01-preview,30,28,85,80,51,2.8333333333333335
1007,apisetu_icsi_3_0_0,2,0,21,8,4,10.5
1008,quickchart_1_0_0,0,0,0,0,0,0.0
1009,flat_2_13_0,76,65,341,298,145,4.4868421052631575
1010,azure_policyinsights-policyEvents_2017-08-09-preview,4,3,8,5,5,2.0
1011,transavia_1_0,10,10,28,28,16,2.8
1012,adyen_NotificationConfigurationService_1,17,17,48,48,32,2.823529411764706
1013,apisetu_hpbose_3_0_0,2,0,21,8,4,10.5
1014,parliament_commonsvotes_v1,8,2,66,30,30,8.25
1015,azure_managedservices_2018-06-01-preview,11,11,32,32,22,2.909090909090909
1016,azure_automation-sourceControl_2017-05-15-preview,8,8,41,41,18,5.125
1017,azure_security-compliances_2017-08-01-preview,4,4,10,10,9,2.5
1018,apisetu_ditarunachal_3_0_0,2,0,17,4,4,8.5
1019,apideck_hris_9_3_0,87,28,436,142,105,5.011494252873563
1020,apisetu_gauhati_3_0_0,2,0,17,4,4,8.5
1021,nexmo_conversion_1_0_1,0,0,0,0,0,0.0
1022,azure_automation-watcher_2015-10-31,5,5,30,30,16,6.0
1023,azure_servicebus-servicebus-preview_2018-01-01-preview,22,16,49,37,25,2.227272727272727
1024,magick_1_0,3,3,13,13,11,4.333333333333333
1025,azure_azsadmin-ComputeOperationResults_2016-05-01,3,3,5,5,5,1.6666666666666667
1026,mastercard_PaymentAccountReferenceInquiryAPI_1_1,4,4,14,14,8,3.5
1027,meteosource_v1,59,57,330,330,107,5.593220338983051
1028,signl4_v1,98,80,345,290,169,3.520408163265306
1029,apisetu_municipaladmin_3_0_0,2,0,29,16,4,14.5
1030,greenpeace_1_0_0,21,0,71,18,3,3.380952380952381
1031,azure_applicationinsights-analyticsItems_API_2015-05-01,2,2,10,10,10,5.0
1032,sportsdata_soccer-v3-stats_1_0,28,19,596,487,231,21.285714285714285
1033,azure_azsadmin-Quotas_2015-06-15,4,4,11,11,11,2.75
1034,azure_sql-cancelOperations_2017-03-01-preview,3,3,17,17,17,5.666666666666667
1035,vtex_Catalog-API-Seller-Portal_1_0_0,0,0,0,0,0,0.0
1036,azure_sql-encryptionProtectors_2015-05-01-preview,3,3,10,10,10,3.3333333333333335
1037,azure_streamanalytics-transformations_2016-03-01,3,2,7,4,4,2.3333333333333335
1038,azure_sql-servers_2014-04-01,4,4,12,12,11,3.0
1039,azure_security-adaptiveNetworkHardenings_2015-06-01-preview,7,7,18,18,14,2.5714285714285716
1040,apisetu_civilsupplieskerala_3_0_0,2,0,17,4,4,8.5
1041,googleapis_oslogin_v1beta,8,8,27,27,25,3.375
1042,nba_version,0,0,0,0,0,0.0
1043,azure_azsadmin-Disks_2018-07-30-preview,6,0,15,3,3,2.5
1044,apisetu_transportsk_3_0_0,4,2,46,33,17,11.5
1045,apisetu_pblabour_3_0_0,2,0,25,12,4,12.5
1046,azure_apimanagement-apimcertificates_2018-06-01-preview,0,0,0,0,0,0.0
1047,azure_azsadmin-ActionPlanOperation_2019-01-01,5,4,17,17,17,3.4
1048,exchangerate-api_4,0,0,0,0,0,0.0
1049,apisetu_niesbud_3_0_0,2,0,17,4,4,8.5
1050,braze_1_0_0,0,0,0,0,0,0.0
1051,azure_storage_2017-06-01,40,39,150,145,95,3.75
1052,giphy_1_0,5,0,66,25,3,13.2
1053,azure_security-workspaceSettings_2017-08-01-preview,3,3,10,10,6,3.3333333333333335
1054,stormglass_1_0_1,1,1,2,2,2,2.0
1055,trapstreet_1_0_0,0,0,0,0,0,0.0
1056,ntropy_1_0_0,0,0,0,0,0,0.0
1057,azure_apimanagement-apimproperties_2018-06-01-preview,0,0,0,0,0,0.0
1058,googleapis_doubleclicksearch_v2,14,14,87,87,72,6.214285714285714
1059,linuxfoundation_reimbursement_1_0,7,6,22,21,19,3.142857142857143
1060,getpostman_1_20_0,0,0,0,0,0,0.0
1061,eos_1_0_0,0,0,0,0,0,0.0
1062,amadeus_amadeus-hotel-search_3_0_8,32,32,110,110,75,3.4375
1063,azure_azsadmin-Quota_2015-11-01,3,3,4,4,4,1.3333333333333333
1064,azure_web-ResourceProvider_2016-03-01,22,21,57,56,30,2.590909090909091
1065,balldontlie_1_0_0,0,0,0,0,0,0.0
1066,apisetu_legalmetrologyup_3_0_0,2,0,29,16,4,14.5
1067,azure_azsadmin-ResourceHealth_2016-05-01,3,3,10,10,10,3.3333333333333335
1068,azure_sql-restorableDroppedManagedDatabases_2017-03-01-preview,5,3,12,7,7,2.4
1069,apisetu_dgft_3_0_0,0,0,0,0,0,0.0
1070,apisetu_gadbih_3_0_0,3,0,41,16,4,13.666666666666666
1071,azure_sql-blobAuditingPolicies_2015-05-01-preview,2,2,9,9,9,4.5
1072,datasette_v1,0,0,0,0,0,0.0
1073,amadeus_amadeus-airport-on-time-performance_1_0_4,8,8,18,18,16,2.25
1074,azure_azsadmin-PlatformImages_2015-12-01-preview,8,8,11,11,9,1.375
1075,apisetu_jnrmand_3_0_0,2,0,17,4,4,8.5
1076,tisane_1_0_0,0,0,0,0,0,0.0
1077,symanto_1_0,16,16,38,38,25,2.375
1078,ipqualityscore_1_0_0,0,0,0,0,0,0.0
1079,interzoid_getcitymatch_1_0_0,0,0,0,0,0,0.0
1080,azure_sql-FailoverElasticPools_2018-06-01-preview,0,0,0,0,0,0.0
1081,azure_recoveryservicesbackup-registeredIdentities_2016-06-01,0,0,0,0,0,0.0
1082,letmc_basic-tier_v2-basic-tier,33,33,225,225,131,6.818181818181818
1083,azure_addons-Addons_2017-05-15,7,7,13,13,12,1.8571428571428572
1084,qualtrics_0_2,8,6,22,16,12,2.75
1085,musixmatch_1_1_0,6,0,131,16,1,21.833333333333332
1086,openapi-generator_6_2_1,6,4,16,10,10,2.6666666666666665
1087,ebi_1_0,59,59,257,257,178,4.3559322033898304
1088,apisetu_bhavishya_3_0_0,2,0,17,4,4,8.5
1089,azure_automation-dscConfiguration_2015-10-31,9,8,49,45,25,5.444444444444445
1090,apisetu_cisce_3_0_0,2,0,33,20,4,16.5
1091,azure_authorization-authorization-DenyAssignmentGetCalls_2018-07-01-preview,6,5,23,20,18,3.8333333333333335
1092,azure_streamanalytics-streamingjobs_2016-03-01,12,11,34,29,24,2.8333333333333335
1093,azure_network-usage_2017-08-01,3,3,9,9,8,3.0
1094,apisetu_transportgj_3_0_0,4,2,46,33,17,11.5
1095,azure_sql-managedDatabaseVulnerabilityAssesmentRuleBaselines_2017-10-01-preview,3,3,3,3,3,1.0
1096,youneedabudget_1_0_0,60,36,185,38,12,3.0833333333333335
1097,azure_azsadmin-SlbMuxInstance_2016-05-01,3,3,6,6,6,2.0
1098,azure_azsadmin-InfrastructureInsights_2016-05-01,12,3,29,8,8,2.4166666666666665
1099,azure_resources-features_2015-12-01,5,5,11,11,8,2.2
1100,readme_2_0_0,4,4,26,26,17,6.5
1101,azure_sql-restorePoints_2014-04-01,3,3,5,5,5,1.6666666666666667
1102,apisetu_vssut_3_0_0,2,0,17,4,4,8.5
1103,presalytics_converter_0_1,0,0,0,0,0,0.0
1104,azure_automation-dscNodeCounts_2018-01-15,3,3,7,7,7,2.3333333333333335
1105,amadeus_amadeus-hotel-booking_1_1_3,9,2,30,8,7,3.3333333333333335
1106,azure_recoveryservicesbackup-backupManagement_2016-12-01,111,38,314,90,55,2.828828828828829
1107,apisetu_tataaia_3_0_0,2,0,21,8,4,10.5
1108,wmata_rail-realtime_1_0,0,0,0,0,0,0.0
1109,azure_automation-runbook_2018-06-30,19,16,121,110,45,6.368421052631579
1110,azure_frontdoor_2018-08-01,37,17,96,35,26,2.5945945945945947
1111,openpolicy_0_28_0,14,7,10,0,0,0.7142857142857143
1112,vtex_Policies-System-API_1_0_0,7,3,23,10,9,3.2857142857142856
1113,apisetu_ditch_3_0_0,2,0,29,16,4,14.5
1114,amadeus_amadeus-flight-availabilities-search_1_0_2,38,9,76,18,17,2.0
1115,azure_azsadmin-FileShare_2016-05-01,3,3,4,4,4,1.3333333333333333
1116,circuitsandbox_2_9_235,60,44,460,382,189,7.666666666666667
1117,apisetu_ktech_3_0_0,2,0,21,8,4,10.5
1118,adyen_LegalEntityService_1,56,45,234,192,112,4.178571428571429
1119,waterlinked_1_0_0,36,36,169,169,83,4.694444444444445
1120,azure_keyvault_2018-02-14,21,21,74,74,37,3.5238095238095237
1121,openbanking_account-info-openapi_3_1_7,209,2,467,2,2,2.2344497607655502
1122,arespass_1_0,2,2,23,23,22,11.5
1123,azure_marketplaceordering-Agreements_2015-06-01,6,5,17,14,14,2.8333333333333335
1124,freesound_2_0_0,1,1,3,3,3,3.0
1125,setlist_1_0,33,15,73,69,42,2.212121212121212
1126,dweet_2_0,0,0,0,0,0,0.0
1127,apisetu_edistrictodishasp_3_0_0,2,0,41,28,4,20.5
1128,azure_hdinsight-extensions_2015-03-01-preview,3,3,18,18,5,6.0
1129,azure_sql-failoverGroups_2015-05-01-preview,8,8,22,22,14,2.75
1130,azure_eventhub-EventHub_2014-09-01,27,25,74,68,34,2.740740740740741
1131,apisetu_transportup_3_0_0,4,2,46,33,17,11.5
1132,rbaskets_1_0_0,10,10,41,41,34,4.1
1133,apisetu_mpmsu_3_0_0,2,0,21,8,4,10.5
1134,apisetu_ncert_3_0_0,2,0,17,4,4,8.5
1135,apisetu_bhartiaxagi_3_0_0,2,0,33,20,4,16.5
1136,papinet_order_status_1_0_0,6,4,15,10,10,2.5
1137,owler_1_0_0,18,17,102,91,59,5.666666666666667
1138,yodlee_1_1_0,179,179,1061,1061,428,5.927374301675978
1139,circleci_v1,28,22,145,143,125,5.178571428571429
1140,apisetu_uiic_3_0_0,2,0,21,8,4,10.5
1141,googleapis_shoppingcontent_v2,266,266,1174,1174,494,4.413533834586466
1142,npr_authorization_2,9,3,45,27,21,5.0
1143,amadeus_amadeus-airline-code-lookup_1_1_1,5,3,17,10,9,3.4
1144,azure_web-WebApps_2018-02-01,93,75,493,448,44,5.301075268817204
1145,adyen_CheckoutUtilityService_1,2,2,2,2,2,1.0
1146,amadeus_amadeus-flight-choice-prediction_2_0_2,38,16,89,52,46,2.3421052631578947
1147,pdfgeneratorapi_3_1_1,7,3,33,7,6,4.714285714285714
1148,nexmo_pricing_0_0_3,4,4,22,22,15,5.5
1149,azure_subscription-operations_2018-03-01-preview,3,3,6,6,6,2.0
1150,apisetu_hsscboardmh_3_0_0,2,1,29,27,15,14.5
1151,abstractapi_geolocation_1_0_0,1,1,21,21,21,21.0
1152,azure_web-DomainRegistrationProvider_2015-04-01,0,0,0,0,0,0.0
1153,googleapis_books_v1,37,34,208,190,93,5.621621621621622
1154,azure_automation-connectionType_2015-10-31,6,5,26,23,13,4.333333333333333
1155,googleapis_policytroubleshooter_v1,12,11,39,37,31,3.25
1156,azure_apimanagement-apimpolicies_2018-06-01-preview,0,0,0,0,0,0.0
1157,ip2proxy_1_0,0,0,0,0,0,0.0
1158,gov_geomark_4_1_2,0,0,0,0,0,0.0
1159,azure_applicationinsights-QueryPacks_API_2019-09-01-preview,6,5,15,10,10,2.5
1160,apideck_customer-support_9_3_0,34,10,298,58,51,8.764705882352942
1161,mermade_openapi-converter_1_0_0,1,1,6,6,4,6.0
1162,azure_azsadmin-Network_2015-06-15,14,11,37,29,22,2.642857142857143
1163,mastercard_MATCH_1_0_0,38,38,133,133,78,3.5
1164,letmc_free-tier_v2-free-tier,32,32,218,218,126,6.8125
1165,apisetu_aaharjh_3_0_0,2,0,17,4,4,8.5
1166,azure_containerservice-containerService_2016-03-30,13,12,32,27,23,2.4615384615384617
1167,apisetu_bput_3_0_0,2,0,17,4,4,8.5
1168,azure_network_2015-05-01-preview,112,108,404,389,155,3.607142857142857
1169,reloadly_1_0_0,1,0,2,2,2,2.0
1170,amadeus_amadeus-seatmap-display_1_9_2,72,4,196,18,11,2.7222222222222223
1171,letmc_maintenance_v3-maintenance,3,3,22,22,22,7.333333333333333
1172,apisetu_iciciprulife_3_0_0,2,0,17,4,4,8.5
1173,azure_EnterpriseKnowledgeGraph-EnterpriseKnowledgeGraphSwagger_2018-12-03,11,8,26,19,15,2.3636363636363638
1174,azure_network-vmssPublicIpAddress_2017-03-30,1,0,8,8,6,8.0
1175,salesloft_v2,68,55,965,880,348,14.191176470588236
1176,apisetu_orientalinsurance_3_0_0,2,0,53,40,4,26.5
1177,interactivebrokers_1_0_0,4,0,103,89,51,25.75
1178,apisetu_epfindia_3_0_0,2,0,25,12,4,12.5
1179,geodesystems_1_0_0,0,0,0,0,0,0.0
1180,azure_azurestack-Registration_2017-06-01,6,6,14,14,10,2.3333333333333335
1181,azure_softwareplan_2019-06-01-preview,10,10,20,20,17,2.0
1182,gov_geocoder_2_0_0,0,0,0,0,0,0.0
1183,api_vehicle-enquiry_1_1_0,4,4,27,27,26,6.75
1184,visagecloud_1_1,2,2,11,11,10,5.5
1185,whapi_sessions_2_0_0,7,6,17,16,13,2.4285714285714284
1186,azure_azsadmin-LogicalSubnet_2016-05-01,3,3,6,6,6,2.0
1187,azure_automation-hybridRunbookWorkerGroup_2015-10-31,5,5,21,21,12,4.2
1188,appveyor_1_0_0,99,51,252,95,75,2.5454545454545454
1189,sportsdata_lol-v3-scores_1_0,13,6,170,94,75,13.076923076923077
1190,azure_azsadmin-acquisitions_2015-12-01-preview,4,4,9,9,9,2.25
1191,azure_sql-virtualclusters_2015-05-01-preview,6,4,13,8,7,2.1666666666666665
1192,azure_sql-syncGroups_2015-05-01-preview,14,14,45,45,29,3.2142857142857144
1193,apideck_ecommerce_9_3_0,64,0,308,0,0,4.8125
1194,apisetu_pramericalife_3_0_0,2,0,17,4,4,8.5
1195,azure_security_2015-06-01-preview,59,46,135,117,75,2.288135593220339
1196,azure_web-Recommendations_2016-03-01,3,3,4,4,3,1.3333333333333333
1197,bufferapp_1,16,13,61,57,42,3.8125
1198,azure_automation-schedule_2015-10-31,10,10,45,45,25,4.5
1199,twitter_legacy_1_1,0,0,0,0,0,0.0
1200,azure_postgresql-PrivateLinkResources_2018-06-01,5,4,6,6,6,1.2
1201,cycat_0_9,0,0,0,0,0,0.0
1202,twilio_twilio_sync_v1_1_42_0,15,11,185,185,52,12.333333333333334
1203,google_2_0,70,64,302,273,214,4.314285714285714
1204,apisetu_chitkarauniversity_3_0_0,2,0,17,4,4,8.5
1205,azure_apimanagement-apimbackends_2019-01-01,0,0,0,0,0,0.0
1206,omdbapi_1,1,1,38,38,38,38.0
1207,apisetu_kkhsou_3_0_0,2,0,17,4,4,8.5
1208,azure_network-availableServiceAliases_2019-08-01,2,2,6,6,6,3.0
1209,azure_network-azureFirewall_2018-04-01,17,17,44,44,25,2.588235294117647
1210,wso2apistore_transform_1_0_0,0,0,0,0,0,0.0
1211,orbit_v1,14,9,67,57,49,4.785714285714286
1212,azure_monitor-logProfiles_API_2016-03-01,7,6,18,13,12,2.5714285714285716
1213,azure_sql-recoverableManagedDatabases_2017-10-01-preview,5,3,7,4,4,1.4
1214,selectpdf_1_0_0,1,1,10,10,10,10.0
1215,azure_signalr_2018-03-01-preview,23,21,71,66,48,3.0869565217391304
1216,azure_security-iotSecuritySolutionAnalytics_2017-08-01-preview,17,16,62,61,33,3.6470588235294117
1217,bintable_1_0_0-oas3,1,0,3,0,0,3.0
1218,azure_hdinsight-locations_2018-06-01-preview,16,12,57,50,40,3.5625
1219,googleapis_acceleratedmobilepageurl_v1,4,4,10,10,9,2.5
1220,vimeo_3_4,37,28,532,497,156,14.378378378378379
1221,azure_sql-virtualNetworkRules_2015-05-01-preview,3,3,6,6,6,2.0
1222,nasa_apod_1_0_0,0,0,0,0,0,0.0
1223,azure_azsadmin-queueServices_2015-12-01-preview,2,2,6,6,4,3.0
1224,azure_azsadmin-storage_2015-12-01-preview,17,3,56,8,8,3.2941176470588234
1225,taxrates_1_0_0,0,0,0,0,0,0.0
1226,azure_apimanagement-apimsubscriptions_2018-06-01-preview,0,0,0,0,0,0.0
1227,googleapis_playintegrity_v1,9,9,20,20,20,2.2222222222222223
1228,azure_security-subAssessments_2019-01-01-preview,11,5,43,21,18,3.909090909090909
1229,azure_azsadmin-LogicalNetwork_2016-05-01,3,3,6,6,6,2.0
1230,azure_resources-subscriptions_2015-11-01,7,7,20,20,13,2.857142857142857
1231,amadeus_amadeus-flight-offers-price_1_2_2,62,3,132,12,10,2.129032258064516
1232,googleapis_mybusinessnotifications_v1,1,1,3,3,3,3.0
1233,visualcrossing_weather_4_6,0,0,0,0,0,0.0
1234,azure_security-locations_2015-06-01-preview,0,0,0,0,0,0.0
1235,contentgroove_1_0_0,0,0,0,0,0,0.0
1236,haloapi_profile_1_0,0,0,0,0,0,0.0
1237,azure_sql-ManagedBackupShortTermRetention_2017-03-01-preview,5,3,7,4,4,1.4
1238,hsbc_branches_2_2_1,8,8,23,23,11,2.875
1239,apisetu_labourbih_3_0_0,2,0,41,28,4,20.5
1240,azure_azsadmin-NetworkOperationResults_2016-05-01,3,3,5,5,5,1.6666666666666667
1241,openstf_2_3_0,7,7,9,9,8,1.2857142857142858
1242,slack_1_7_0,48,0,1309,993,163,27.270833333333332
1243,whapi_accounts_2_0_0,15,15,65,65,61,4.333333333333333
1244,azure_azsadmin-InfraRole_2016-05-01,3,3,6,6,6,2.0
1245,azure_azsadmin-ApplicationOperationResults_2016-05-01,3,3,5,5,5,1.6666666666666667
1246,azure_apimanagement-apimproductsByTags_2018-06-01-preview,0,0,0,0,0,0.0
1247,apisetu_statisticsrajasthan_3_0_0,2,0,25,12,4,12.5
1248,azure_sql-replicationLinks_2014-04-01,3,3,14,14,14,4.666666666666667
1249,azure_containerinstance-containerInstance_2017-08-01-preview,19,3,53,3,3,2.789473684210526
1250,azure_web-service_2015-08-01,146,99,399,233,113,2.732876712328767
1251,vtex_License-Manager-API_1_0,17,15,121,113,71,7.117647058823529
1252,vtex_Message-Center-API_1_0_0,2,2,6,6,5,3.0
1253,azure_devspaces_2018-06-01-preview,17,14,38,32,29,2.235294117647059
1254,azure_sql-serviceObjectives_2014-04-01,3,3,7,7,7,2.3333333333333335
1255,nebl_1_3_0,31,26,132,112,81,4.258064516129032
1256,azure_postgresql_2017-04-30-preview,33,29,81,72,44,2.4545454545454546
1257,sportsdata_nfl-v3-play-by-play_1_0,7,7,212,212,177,30.285714285714285
1258,azure_maps-maps-management_2020-02-01-preview,15,14,92,92,18,6.133333333333334
1259,twilio_twilio_oauth_v1_1_42_0,5,5,43,43,40,8.6
1260,azure_automation-dscCompilationJob_2018-01-15,10,10,45,45,29,4.5
1261,nexmo_subaccounts_1_0_8,15,12,53,41,18,3.533333333333333
1262,azure_resources-policy_2015-10-01-preview,6,6,18,18,12,3.0
1263,azure_apimanagement-apimdeployment_2016-07-07,17,17,65,65,50,3.823529411764706
1264,azure_compute-disk_2016-04-30-preview,24,22,62,56,40,2.5833333333333335
1265,azure_logic_2015-08-01-preview,88,83,388,379,217,4.409090909090909
1266,azure_sql-serverAutomaticTuning_2017-03-01-preview,3,2,8,4,4,2.6666666666666665
1267,googleapis_webmasters_v3,10,10,37,37,36,3.7
1268,uscann_1_0,9,8,49,46,35,5.444444444444445
1269,azure_network-expressRoutePort_2018-08-01,10,10,37,37,28,3.7
1270,azure_sql-deprecated_2014-04-01,2,2,2,2,1,1.0
1271,ideaconsult_nanoreg_4_0_0,9,8,47,41,39,5.222222222222222
1272,ato_0_0_6,35,12,111,77,44,3.1714285714285713
1273,googleapis_kgsearch_v1,1,1,3,3,3,3.0
1274,googleapis_vectortile_v1,20,5,60,14,13,3.0
1275,azure_azsadmin-ScaleUnitNode_2016-05-01,4,4,22,22,18,5.5
1276,npr_identity_2,11,3,41,8,8,3.727272727272727
1277,hetras-certification_booking_v0,93,78,468,369,177,5.032258064516129
1278,apisetu_npsailu_3_0_0,2,0,17,4,4,8.5
1279,azure_servermanagement_2015-07-01-preview,23,19,77,53,35,3.347826086956522
1280,etmdb_1_0_0,0,0,0,0,0,0.0
1281,vonage_extension_1_11_8,15,14,41,40,36,2.7333333333333334
1282,azure_automation-dscNodeConfiguration_2018-01-15,9,8,33,31,18,3.6666666666666665
1283,apisetu_puekar_3_0_0,2,0,17,4,4,8.5
1284,apisetu_transportmh_3_0_0,4,2,46,33,17,11.5
1285,apisetu_hptechboard_3_0_0,2,0,17,4,4,8.5
1286,azure_sql-disasterRecoveryConfigurations_2014-04-01,3,3,11,11,11,3.6666666666666665
1287,twilio_twilio_frontline_v1_1_42_0,2,2,11,11,11,5.5
1288,clickup_1_0_0,1,0,2,2,2,2.0
1289,azure_security-complianceResults_2017-08-01,3,3,6,6,5,2.0
1290,azure_azsadmin-DirectoryTenant_2015-11-01,3,3,4,4,4,1.3333333333333333
1291,listennotes_2_0,101,95,296,227,96,2.9306930693069306
1292,googleapis_replicapool_v1beta1,23,23,86,86,68,3.739130434782609
1293,azure_azurestack-AzureStack_2017-06-01,8,3,23,9,9,2.875
1294,va_forms_0_0_0,2,0,13,7,3,6.5
1295,azure_sql-firewallRules_2014-04-01,3,3,7,7,7,2.3333333333333335
1296,healthcare_1_0_0,11,11,74,74,24,6.7272727272727275
1297,roaring_1_0,17,17,94,94,73,5.529411764705882
1298,poemist_1_0,0,0,0,0,0,0.0
1299,apisetu_epramanhp_3_0_0,2,0,69,56,4,34.5
1300,interzoid_getcompanymatch_1_0_0,0,0,0,0,0,0.0
1301,azure_hanaonazure_2017-11-03-preview,19,17,67,56,50,3.526315789473684
1302,apisetu_aiimsrishikesh_3_0_0,2,0,17,4,4,8.5
1303,visiblethread_1_0,22,12,61,48,24,2.772727272727273
1304,stackexchange_2_0,34,33,61,61,59,1.7941176470588236
1305,azure_resources-policyAssignments_2018-03-01,5,5,19,19,18,3.8
1306,mastercard_MerchantIdentifier_2_0_0,7,7,28,28,26,4.0
1307,azure_monitor-guestDiagnosticSettings_API_2018-06-01-preview,13,12,32,27,22,2.4615384615384617
1308,azure_network-applicationSecurityGroup_2017-09-01,3,3,6,6,6,2.0
1309,azure_frontdoor-networkexperiment_2019-11-01,22,22,67,67,35,3.0454545454545454
1310,onsched_utility_v1,1,1,8,8,8,8.0
1311,apisetu_edistrictup_3_0_0,3,1,49,35,15,16.333333333333332
1312,azure_web-CertificateRegistrationProvider_2015-08-01,0,0,0,0,0,0.0
1313,parliament_search_Live,0,0,0,0,0,0.0
1314,azure_azurestack-CustomerSubscription_2017-06-01,3,3,6,6,5,2.0
1315,files_0_0_1,74,54,1391,1166,542,18.7972972972973
1316,azure_streamanalytics-outputs_2016-03-01,25,4,57,10,10,2.28
1317,klarna_openai_v0,2,2,5,5,5,2.5
1318,elevenlabs_1_0,25,25,118,118,82,4.72
1319,vtex_VTEX-Do-API_1_0,7,6,28,25,17,4.0
1320,azure_datamigration_2017-11-15-preview,2,0,100,100,16,50.0
1321,vatapi_1,22,22,134,134,55,6.090909090909091
1322,apisetu_rajasthanrajeduboard_3_0_0,2,0,21,8,4,10.5
1323,apisetu_transportld_3_0_0,4,2,46,33,17,11.5
1324,turbinelabs_1_0,77,62,236,177,119,3.064935064935065
1325,azure_sql-recommendedElasticPools_2014-04-01,5,5,17,17,15,3.4
1326,vonage_reports_1_0_1,12,10,47,44,41,3.9166666666666665
1327,apiz_commerce-identity_v1_1_0,8,6,44,33,28,5.5
1328,opencagedata_1,2,1,11,9,9,5.5
1329,azure_sql-elasticPools_2017-10-01-preview,6,6,20,20,14,3.3333333333333335
1330,googleapis_toolresults_v1beta3,111,79,303,260,198,2.72972972972973
1331,netlicensing_2_x,13,3,181,138,55,13.923076923076923
1332,azure_sql-sql,18,15,90,73,50,5.0
1333,azure_network-serviceTags_2019-04-01,3,3,13,13,10,4.333333333333333
1334,azure_apimanagement-apimtenant_2016-10-10,6,6,55,55,20,9.166666666666666
1335,apisetu_issuer_3_0_0,4,4,16,16,7,4.0
1336,azure_azsadmin-PublicIpAddresses_2015-06-15,3,3,6,6,6,2.0
1337,redeal_analytics_1_0_0,1,0,38,0,0,38.0
1338,azure_network-availableDelegations_2018-08-01,2,2,7,7,7,3.5
1339,winsms_1_0_0,1,1,65,65,24,65.0
1340,apisetu_asrb_3_0_0,2,0,17,4,4,8.5
1341,naviplancentral_factfinder_v1,135,135,790,790,184,5.851851851851852
1342,azure_azsadmin-Plan_2015-11-01,3,3,14,14,10,4.666666666666667
1343,docker_dvp_1_0_0,21,17,24,20,18,1.1428571428571428
1344,zapier_nla_1_0_0,5,5,16,16,14,3.2
1345,trello_1_0,122,118,241,233,87,1.9754098360655739
1346,hsbc_atm_2_2_1,8,8,23,23,11,2.875
1347,interzoid_getcurrencyrate_1_0_0,0,0,0,0,0,0.0
1348,azure_hdinsight-operations_2015-03-01-preview,3,3,6,6,6,2.0
1349,azure_relay_2016-07-01,24,22,57,52,30,2.375
1350,azure_security-informationProtectionPolicies_2017-08-01-preview,6,3,22,9,7,3.6666666666666665
1351,azure_azsadmin-IpPool_2016-05-01,3,3,9,9,9,3.0
1352,azure_network-checkDnsAvailability_2015-06-15,1,1,1,1,1,1.0
1353,tokenmetrics_1_0_0,0,0,0,0,0,0.0
1354,apisetu_transportuk_3_0_0,4,2,46,33,17,11.5
1355,apisetu_chennaicorp_3_0_0,2,0,21,8,4,10.5
1356,azure_sql-geoBackupPolicies_2014-04-01,3,3,6,6,6,2.0
1357,googleapis_adexchangebuyer_v1_2,4,4,36,36,32,9.0
1358,googleapis_plus_v1,9,9,96,96,56,10.666666666666666
1359,twilio_twilio_bulkexports_v1_1_42_0,8,5,50,45,25,6.25
1360,sportsdata_soccer-v3-scores_1_0,18,11,418,283,188,23.22222222222222
1361,getgo_gototraining_1_0_0,18,15,71,56,31,3.9444444444444446
1362,azure_azsadmin-Operations_2016-05-01,2,2,2,2,2,1.0
1363,proxykingdom_v1,7,7,30,30,25,4.285714285714286
1364,azure_search-searchindex_2015-02-28,7,0,27,0,0,3.857142857142857
1365,amadeus_amadeus-flight-check-in-links_2_1_2,6,3,20,10,9,3.3333333333333335
1366,apisetu_nsdcindia_3_0_0,2,0,21,8,4,10.5
1367,sportsdata_mlb-v3-rotoballer-articles_1_0,2,0,14,0,0,7.0
1368,azure_visualstudio-Projects_2018-08-01-preview,15,11,44,33,30,2.933333333333333
1369,o2_sociodemo_1_2_0,3,3,9,9,9,3.0
1370,azure_apimanagement-apimversionsets_2018-06-01-preview,6,5,17,14,6,2.8333333333333335
1371,azure_sql-serverDnsAliases_2017-03-01-preview,4,4,5,5,5,1.25
1372,azure_sql-ManagedServerSecurityAlertPolicy_2017-03-01-preview,3,3,11,11,11,3.6666666666666665
1373,namsor_2_0_24,77,77,325,325,158,4.220779220779221
1374,medcorder_1_0_0,1,0,17,0,0,17.0
1375,googleapis_travelimpactmodel_v1,7,7,21,21,21,3.0
1376,googleapis_dfareporting_v3_4,235,225,1362,1332,640,5.7957446808510635
1377,azure_azsadmin-ActionPlan_2019-01-01,4,3,14,14,14,3.5
1378,azure_sqlvirtualmachine-sqlvm_2017-03-01-preview,32,29,114,109,90,3.5625
1379,randomlovecraft_1_0,2,0,10,4,1,5.0
1380,azure_containerservices-containerService_2016-03-30,13,12,32,27,23,2.4615384615384617
1381,azure_sql-cancelPoolOperations_2017-10-01-preview,3,3,17,17,17,5.666666666666667
1382,nsidc_1_0_0,0,0,0,0,0,0.0
1383,nrm_georg_2_1,3,3,13,13,13,4.333333333333333
1384,amadeus_amadeus-safe-place-_1_0_0,10,4,37,17,9,3.7
1385,pdfblocks_1_5_0,0,0,0,0,0,0.0
1386,azure_recoveryservices-backup_2016-12-01,4,4,8,8,5,2.0
1387,apisetu_transportdh_3_0_0,4,2,46,33,17,11.5
1388,apisetu_fsdhr_3_0_0,2,0,17,4,4,8.5
1389,aucklandmuseum_2_0_0,0,0,0,0,0,0.0
1390,azure_sql-databases_2014-04-01,4,4,31,31,30,7.75
1391,postmarkapp_account_0_9_0,19,19,137,137,51,7.2105263157894735
1392,mastercard_CurrencyConversionCalculator_1_0_0,7,7,26,26,18,3.7142857142857144
1393,rapidapi_language-identification_1_0_0,0,0,0,0,0,0.0
1394,apisetu_transportjk_3_0_0,4,2,46,33,17,11.5
1395,azure_azsadmin-blobServices_2015-12-01-preview,4,3,9,6,4,2.25
1396,greip_1_0_0,0,0,0,0,0,0.0
1397,googleapis_commentanalyzer_v1alpha1,11,7,39,30,19,3.5454545454545454
1398,apisetu_transportas_3_0_0,4,2,46,33,17,11.5
1399,codesearch_1_4_0,2,0,8,0,0,4.0
1400,azure_azsadmin-containers_2015-12-01-preview,5,5,19,19,17,3.8
1401,vtex_Reviews-and-Ratings-API_1_0,2,1,70,62,19,35.0
1402,azure_hdinsight-capabilities_2015-03-01-preview,8,4,23,16,16,2.875
1403,apisetu_juit_3_0_0,2,0,17,4,4,8.5
1404,apisetu_mbose_3_0_0,2,0,21,8,4,10.5
1405,azure_servicefabric-cluster_2018-02-01,43,32,124,83,68,2.883720930232558
1406,phantauth_1_0_0,7,0,220,129,61,31.428571428571427
1407,wmata_bus-realtime_1_0,0,0,0,0,0,0.0
1408,appwrite_client_0_9_3,35,30,215,178,85,6.142857142857143
1409,azure_azsadmin-storageaccounts_2015-12-01-preview,10,10,25,25,25,2.5
1410,azure_storage-blob_2018-02-01,13,13,41,41,28,3.1538461538461537
1411,lambdatest_1_0_1,22,19,48,33,24,2.1818181818181817
1412,hackathonwatch_0_1,0,0,0,0,0,0.0
1413,apisetu_mizorampolice_3_0_0,2,0,17,4,4,8.5
1414,epa_air_2019_10_15,143,0,803,285,132,5.615384615384615
1415,azure_sql-managedDatabaseVulnerabilityAssessmentScans_2017-10-01-preview,6,6,15,15,14,2.5
1416,azure_resources-links_2016-09-01,6,5,14,13,10,2.3333333333333335
1417,azure_operationalinsights-Clusters_2019-08-01-preview,9,8,23,18,15,2.5555555555555554
1418,azure_monitor-calculateBaseline_API_2017-11-01-preview,4,4,11,11,10,2.75
1419,infermedica_v2,33,27,166,127,59,5.03030303030303
1420,azure_azsadmin-KeyVault_2017-02-01-preview,4,3,13,8,8,3.25
1421,consumerfinance_1_0,1,1,2,2,2,2.0
1422,sportsdata_mlb-v3-play-by-play_1_0,6,6,139,139,122,23.166666666666668
1423,sms77_1_0_0,3,0,42,27,18,14.0
1424,azure_containerservice-managedClusters_2017-08-31,25,7,60,12,11,2.4
1425,azure_apimanagement-apimemailtemplates_2018-06-01-preview,0,0,0,0,0,0.0
1426,worldtimeapi_20210108,6,0,16,0,0,2.6666666666666665
1427,azure_sql-longTermRetention_2017-03-01-preview,5,5,14,14,13,2.8
1428,ijenko_3_0_0,103,93,257,219,69,2.495145631067961
1429,apisetu_keralapsc_3_0_0,2,0,17,4,4,8.5
1430,azure_authorization-authorization-RACalls_2017-10-01-preview,6,5,16,14,10,2.6666666666666665
1431,citrixonline_gotomeeting_1_0_0,27,7,251,21,13,9.296296296296296
